,Game_ID,Player_ID,Player_Plus/Minus
0,021fd159b55773fba8157e2090fe0fe2,b2fada91a0c8a0f400623c425286ae2e,4
1,021fd159b55773fba8157e2090fe0fe2,2b313e2bcef0268bc8e9415132ba9997,-9
2,021fd159b55773fba8157e2090fe0fe2,2d9594e4d250679e7a3383ad5ccd2f44,0
3,021fd159b55773fba8157e2090fe0fe2,cec898a1d355dbfbad8c760615fde1af,-1
4,021fd159b55773fba8157e2090fe0fe2,d6bc5eb6ed54c734628cb4d237f99031,0
5,021fd159b55773fba8157e2090fe0fe2,314c71574689f752c17b83cd6a4d770e,-7
6,021fd159b55773fba8157e2090fe0fe2,881f83d2dee3f18c7d1751659406144e,1
7,021fd159b55773fba8157e2090fe0fe2,89706b99ddd00dc05d37ef5cafc04276,12
8,021fd159b55773fba8157e2090fe0fe2,a99f44bbff39e352191a870e17f04537,21
9,021fd159b55773fba8157e2090fe0fe2,1362d9ad805e7cc4ea3a9467c91142d6,-1
0,021fd159b55773fba8157e2090fe0fe2,603daefb2fa321f3abab289805fdcc25,-8
1,021fd159b55773fba8157e2090fe0fe2,60b5f9f68ccbbf7ba3fa13a2189e2775,-1
2,021fd159b55773fba8157e2090fe0fe2,c1fe6ed491d04e3cdf50755dff23b263,4
3,021fd159b55773fba8157e2090fe0fe2,57bbd7e30bc694aeee9ee40c583e6811,-9
4,021fd159b55773fba8157e2090fe0fe2,c00264c3114d23bac482e9de50fb7d28,-5
5,021fd159b55773fba8157e2090fe0fe2,27ea17a8685c4919f157e83fe9cb2d9e,-3
6,021fd159b55773fba8157e2090fe0fe2,307beab25b1021a548b4a47550bc4b25,-1
7,021fd159b55773fba8157e2090fe0fe2,33963fe856a1523ff46438ba07d1d99f,5
8,021fd159b55773fba8157e2090fe0fe2,8bb18fb1d0cc10c985afa823ecec6d18,-2
0,03a31e84b194d6c8a2eab5d70ba67acf,952cb62f00fbb58407f3a7cd89c3a7bf,-10
1,03a31e84b194d6c8a2eab5d70ba67acf,8bea2707e7bf04c8a3d8188b87d92c0e,-13
2,03a31e84b194d6c8a2eab5d70ba67acf,1e76e7a4a5b6d17e67172710d86b6b51,-1
3,03a31e84b194d6c8a2eab5d70ba67acf,1376b4800e5b2d50ce35a57827eadcfc,-15
4,03a31e84b194d6c8a2eab5d70ba67acf,71cd93e320cd2da78733d23dae3274a0,-5
5,03a31e84b194d6c8a2eab5d70ba67acf,e2d5a38e5f826708c89f2f728eade916,-7
6,03a31e84b194d6c8a2eab5d70ba67acf,7438349cba4a3154e331f38cfbb2dd5e,-6
7,03a31e84b194d6c8a2eab5d70ba67acf,81e57235a0f7d2ad49e275ae41070094,-1
8,03a31e84b194d6c8a2eab5d70ba67acf,b248b1d9caa41a3562d67584c1a0b399,-13
9,03a31e84b194d6c8a2eab5d70ba67acf,84a4a3c70c57b7d570baca43b5423ba3,0
10,03a31e84b194d6c8a2eab5d70ba67acf,d1af6080bd4b6a794ba3595dab2b1fb8,-1
11,03a31e84b194d6c8a2eab5d70ba67acf,6b08fc64c8d282c36e800d28eb278027,-13
0,03a31e84b194d6c8a2eab5d70ba67acf,43a74f78a8e39c7fb0ad193fb24f52ba,5
1,03a31e84b194d6c8a2eab5d70ba67acf,e6d3fc584789b9b914791ec969a8d5a4,12
2,03a31e84b194d6c8a2eab5d70ba67acf,e688b1a601a44fb2ac79c58bf6c89e8b,10
3,03a31e84b194d6c8a2eab5d70ba67acf,5fe2b12999c5b4a17dba17cb76b0cfbc,14
4,03a31e84b194d6c8a2eab5d70ba67acf,17651fd844ca9177694e0fe8e13ade03,6
5,03a31e84b194d6c8a2eab5d70ba67acf,f5f1164263044fc2ee91242daa221045,13
6,03a31e84b194d6c8a2eab5d70ba67acf,387d067091bd3a9264576ddb74759f5f,13
7,03a31e84b194d6c8a2eab5d70ba67acf,2b8bdfc64f41d1adefabcf7e0667a618,3
8,03a31e84b194d6c8a2eab5d70ba67acf,257b19b06545dcb0a4eb3a01d7952eed,9
0,06bb1d31c63891e2580ff12e4e6505b4,394e78a51b6d2fd3c046f11f49fcab57,3
1,06bb1d31c63891e2580ff12e4e6505b4,646b0273682c1592a938bbfb21332ded,-2
2,06bb1d31c63891e2580ff12e4e6505b4,85b8db431f11d51d5def87fc58229be4,11
3,06bb1d31c63891e2580ff12e4e6505b4,d8e4f0fd2e836518e681c99a3f9e4411,-6
4,06bb1d31c63891e2580ff12e4e6505b4,1a8dfc8c85278dd28ed7985e40fc6018,-4
5,06bb1d31c63891e2580ff12e4e6505b4,1a48480fc3370082483f158f10948bba,-10
6,06bb1d31c63891e2580ff12e4e6505b4,762b12c3cb57fad4b882040b3293fa31,17
7,06bb1d31c63891e2580ff12e4e6505b4,1532445b96ca1edd411bfae064b189bb,13
8,06bb1d31c63891e2580ff12e4e6505b4,1c73194e0fa711701298e4a27b046bab,4
9,06bb1d31c63891e2580ff12e4e6505b4,3056d865481cd5919672eb92e1f8b53f,9
0,06bb1d31c63891e2580ff12e4e6505b4,b098111d3935607a714ddc7d4b057a1b,-6
1,06bb1d31c63891e2580ff12e4e6505b4,28ce9a11a56397b259299fdd9710dab5,-6
2,06bb1d31c63891e2580ff12e4e6505b4,58f273dbbf002f0ec411fc247e07dd0a,-12
3,06bb1d31c63891e2580ff12e4e6505b4,9f0ee42268a2542d7fd028fe79184286,-4
4,06bb1d31c63891e2580ff12e4e6505b4,eaa6c5d9e964e04fa05b4db476fb46f0,0
5,06bb1d31c63891e2580ff12e4e6505b4,f285f13f0c036a88bd85535e47e88aef,-2
6,06bb1d31c63891e2580ff12e4e6505b4,1cd0599b37f77c2be76a2c6df23d1ba8,1
7,06bb1d31c63891e2580ff12e4e6505b4,adcd53acc9f5585db4c510745b2bac89,-5
8,06bb1d31c63891e2580ff12e4e6505b4,9d4117dd37b6a8592a711ef940b82de4,-1
0,07e76f7482773e81e2351d1692e9e5bb,050e16220dddff68fc37eca695cee3b4,7
1,07e76f7482773e81e2351d1692e9e5bb,9075d598a348b290d9c426e41662e593,2
2,07e76f7482773e81e2351d1692e9e5bb,3a7ac3ab38d3261d8c162d52a7f4e644,13
3,07e76f7482773e81e2351d1692e9e5bb,4596ed9dd04a94f6ad5e60ebda302350,2
4,07e76f7482773e81e2351d1692e9e5bb,2faa88bc657b3dbf4aeeb2f3eb7a1e23,-1
5,07e76f7482773e81e2351d1692e9e5bb,5f2d1b7a31eb9117654c9d056093bfa5,7
6,07e76f7482773e81e2351d1692e9e5bb,36f020989d86eefe270ab346e6f80e4e,3
7,07e76f7482773e81e2351d1692e9e5bb,bc77b0f38cb51b2cfe8552000e585cbf,6
8,07e76f7482773e81e2351d1692e9e5bb,336ec76a9accfb5359ea7e69f2610947,1
9,07e76f7482773e81e2351d1692e9e5bb,963242c7a25ba9a70b245f482e960e75,6
10,07e76f7482773e81e2351d1692e9e5bb,867712e1cdfd8b15d083f3be2af4bc0f,-1
0,07e76f7482773e81e2351d1692e9e5bb,9fa70948d1ad86af009ffad239f8a464,-1
1,07e76f7482773e81e2351d1692e9e5bb,404f3be24b921150227c13f766e084cf,-2
2,07e76f7482773e81e2351d1692e9e5bb,b2ba11f9de4921e8eee910b7c9d5404f,-5
3,07e76f7482773e81e2351d1692e9e5bb,1b335cd14d37addc486b357c3b58db27,-7
4,07e76f7482773e81e2351d1692e9e5bb,c2502dbdbdc5273bac8daa884e3ff63a,-6
5,07e76f7482773e81e2351d1692e9e5bb,007b0de63548bac45dfacc0870a4a537,-5
6,07e76f7482773e81e2351d1692e9e5bb,64434221db9ba319f8d13632f1c2ad32,-6
7,07e76f7482773e81e2351d1692e9e5bb,67f4ecb2bff373b7f14f59bdf87b47c6,-4
8,07e76f7482773e81e2351d1692e9e5bb,f2e41e7ce25aff54b85ee5ab66f69187,-8
9,07e76f7482773e81e2351d1692e9e5bb,508d962863dc09f49884cdd9a53d804a,-1
0,0868dee930f69a54541d4ae88b841a37,7afc3cf0c2557f13e927da9ab03725dc,11
1,0868dee930f69a54541d4ae88b841a37,4f4e47023263931e1445dc97f7dae941,-11
2,0868dee930f69a54541d4ae88b841a37,be9b1397bcb9fb9104edd23670988cda,-10
3,0868dee930f69a54541d4ae88b841a37,8c95d54ad5593f5c4fc5015dcded3b55,-15
4,0868dee930f69a54541d4ae88b841a37,315f46f7a5e1de7ef9b4c2430ce64e2d,-11
5,0868dee930f69a54541d4ae88b841a37,00654b6c2e1d8c24d06464620db7a262,4
6,0868dee930f69a54541d4ae88b841a37,021dabc5d7a1404ec8ad34fe8ca4b5e3,14
7,0868dee930f69a54541d4ae88b841a37,c4072556336827a70c8a0298bc658b5b,11
8,0868dee930f69a54541d4ae88b841a37,5779f715384a05dc9cea4ddf21ab564c,4
9,0868dee930f69a54541d4ae88b841a37,d38e656ac7e867b6f28064fcf8d8fcaf,-10
10,0868dee930f69a54541d4ae88b841a37,45e7a758a91a254ff04756562e740f2d,3
0,0868dee930f69a54541d4ae88b841a37,050e16220dddff68fc37eca695cee3b4,-1
1,0868dee930f69a54541d4ae88b841a37,867712e1cdfd8b15d083f3be2af4bc0f,1
2,0868dee930f69a54541d4ae88b841a37,4596ed9dd04a94f6ad5e60ebda302350,-10
3,0868dee930f69a54541d4ae88b841a37,1278107e4a5c3735de706159c381fd82,2
4,0868dee930f69a54541d4ae88b841a37,5f2d1b7a31eb9117654c9d056093bfa5,8
5,0868dee930f69a54541d4ae88b841a37,36f020989d86eefe270ab346e6f80e4e,5
6,0868dee930f69a54541d4ae88b841a37,bc77b0f38cb51b2cfe8552000e585cbf,2
7,0868dee930f69a54541d4ae88b841a37,3a7ac3ab38d3261d8c162d52a7f4e644,-5
8,0868dee930f69a54541d4ae88b841a37,963242c7a25ba9a70b245f482e960e75,0
9,0868dee930f69a54541d4ae88b841a37,336ec76a9accfb5359ea7e69f2610947,8
0,09d46e3d7a8253b7209100650b5afaeb,3cc886aecaeb231f093c5bdded29d2dd,-11
1,09d46e3d7a8253b7209100650b5afaeb,770d24797fbad8f1bddd585ef8297e2b,-1
2,09d46e3d7a8253b7209100650b5afaeb,d74c692dc5f817e5d6598338b24e1035,-4
3,09d46e3d7a8253b7209100650b5afaeb,fa59d02355adde510fbf3dd7a0b0930d,5
4,09d46e3d7a8253b7209100650b5afaeb,66c69301f757e48e6b780927b5a55e11,-15
5,09d46e3d7a8253b7209100650b5afaeb,4d371dbb9d07b0a451e6a253244d3079,3
6,09d46e3d7a8253b7209100650b5afaeb,3f67235a5607746cc215eee5dd447a5e,-4
7,09d46e3d7a8253b7209100650b5afaeb,6284f9ad059fd7910f24ab69df891760,24
8,09d46e3d7a8253b7209100650b5afaeb,93130c3cfa0d9d9a7635a085c3be99a1,5
9,09d46e3d7a8253b7209100650b5afaeb,cc6c4b67ac08f33590e75e9474122fc4,12
10,09d46e3d7a8253b7209100650b5afaeb,79af15b6a2238e81cd52b99490ed2709,16
11,09d46e3d7a8253b7209100650b5afaeb,501e22e48df13d5a5b2b85a08c6d2ca9,15
0,09d46e3d7a8253b7209100650b5afaeb,7afc3cf0c2557f13e927da9ab03725dc,4
1,09d46e3d7a8253b7209100650b5afaeb,4f4e47023263931e1445dc97f7dae941,-2
2,09d46e3d7a8253b7209100650b5afaeb,be9b1397bcb9fb9104edd23670988cda,9
3,09d46e3d7a8253b7209100650b5afaeb,8c95d54ad5593f5c4fc5015dcded3b55,-1
4,09d46e3d7a8253b7209100650b5afaeb,f79a2b5e6190ac3c534645e806f1b611,10
5,09d46e3d7a8253b7209100650b5afaeb,6f63b8522b79b45c4b88cf0129161f01,-11
6,09d46e3d7a8253b7209100650b5afaeb,00654b6c2e1d8c24d06464620db7a262,-10
7,09d46e3d7a8253b7209100650b5afaeb,021dabc5d7a1404ec8ad34fe8ca4b5e3,-18
8,09d46e3d7a8253b7209100650b5afaeb,c4072556336827a70c8a0298bc658b5b,-14
9,09d46e3d7a8253b7209100650b5afaeb,45e7a758a91a254ff04756562e740f2d,-12
0,13ced855d491384876c6ab807bd1d3db,9e0ccb212abed9880097869dbfb903c5,-1
1,13ced855d491384876c6ab807bd1d3db,ca8e2e9b58c57efe6c919dcbb53ee86c,0
2,13ced855d491384876c6ab807bd1d3db,d5701055e262ef5bd9f3fa6e11014327,6
3,13ced855d491384876c6ab807bd1d3db,03de9006db92bdee3030980760dcbcf5,6
4,13ced855d491384876c6ab807bd1d3db,cc7946cd2fd5f9d5c15247fbdddce8f3,-7
5,13ced855d491384876c6ab807bd1d3db,98657a73f988f7c0824a16fd368bfa62,-18
6,13ced855d491384876c6ab807bd1d3db,881f83d2dee3f18c7d1751659406144e,6
7,13ced855d491384876c6ab807bd1d3db,74f677b5efa87503eead993dfa30ca27,4
8,13ced855d491384876c6ab807bd1d3db,dcb6b241fcbbd838bc3437c8e1fc4ccb,-11
0,13ced855d491384876c6ab807bd1d3db,394e78a51b6d2fd3c046f11f49fcab57,-6
1,13ced855d491384876c6ab807bd1d3db,646b0273682c1592a938bbfb21332ded,1
2,13ced855d491384876c6ab807bd1d3db,d8e4f0fd2e836518e681c99a3f9e4411,1
3,13ced855d491384876c6ab807bd1d3db,1a8dfc8c85278dd28ed7985e40fc6018,-5
4,13ced855d491384876c6ab807bd1d3db,1a48480fc3370082483f158f10948bba,10
5,13ced855d491384876c6ab807bd1d3db,762b12c3cb57fad4b882040b3293fa31,3
6,13ced855d491384876c6ab807bd1d3db,1532445b96ca1edd411bfae064b189bb,4
7,13ced855d491384876c6ab807bd1d3db,12327e4171bb9715104ea70c722869ea,8
8,13ced855d491384876c6ab807bd1d3db,1c73194e0fa711701298e4a27b046bab,-7
9,13ced855d491384876c6ab807bd1d3db,3056d865481cd5919672eb92e1f8b53f,9
10,13ced855d491384876c6ab807bd1d3db,15dbf00f25f3f2d86cde4775018d44b5,-3
0,15d76177caa6022156e83774c2e054d3,3cc886aecaeb231f093c5bdded29d2dd,7
1,15d76177caa6022156e83774c2e054d3,d74c692dc5f817e5d6598338b24e1035,13
2,15d76177caa6022156e83774c2e054d3,fa59d02355adde510fbf3dd7a0b0930d,-8
3,15d76177caa6022156e83774c2e054d3,66c69301f757e48e6b780927b5a55e11,-1
4,15d76177caa6022156e83774c2e054d3,3f67235a5607746cc215eee5dd447a5e,12
5,15d76177caa6022156e83774c2e054d3,6284f9ad059fd7910f24ab69df891760,6
6,15d76177caa6022156e83774c2e054d3,93130c3cfa0d9d9a7635a085c3be99a1,1
7,15d76177caa6022156e83774c2e054d3,cc6c4b67ac08f33590e75e9474122fc4,-1
8,15d76177caa6022156e83774c2e054d3,b02d6090eb1155aab0614815c9f9ad73,-6
9,15d76177caa6022156e83774c2e054d3,501e22e48df13d5a5b2b85a08c6d2ca9,17
0,15d76177caa6022156e83774c2e054d3,e5e2fb66fc3e8ee0edf076e60d343031,-5
1,15d76177caa6022156e83774c2e054d3,321fe275d1d66f05c5014fd97e870834,-5
2,15d76177caa6022156e83774c2e054d3,78b2c63af827b482d7e3ffa096f4fbd2,-8
3,15d76177caa6022156e83774c2e054d3,17c5b4a9be5e0fa567d3d38ca65e4005,0
4,15d76177caa6022156e83774c2e054d3,f74cedcf99a3aabc222398db7499bac1,5
5,15d76177caa6022156e83774c2e054d3,b67e5a2e593be71fe871d7d511f0ab55,-5
6,15d76177caa6022156e83774c2e054d3,0beb157ecf02b2c67048597bb3c514b5,-9
7,15d76177caa6022156e83774c2e054d3,6de0ac647d194bdcfc0854c7ad51c44e,-5
8,15d76177caa6022156e83774c2e054d3,d4777cb3468137b35f7e80b7434bec27,-8
0,1eab6189ad9ab246c197575a8c4eebe5,abbf4d36fe2ae588a1d096b0a88aa0c9,-12
1,1eab6189ad9ab246c197575a8c4eebe5,770d24797fbad8f1bddd585ef8297e2b,15
2,1eab6189ad9ab246c197575a8c4eebe5,3cc886aecaeb231f093c5bdded29d2dd,-4
3,1eab6189ad9ab246c197575a8c4eebe5,66c69301f757e48e6b780927b5a55e11,-12
4,1eab6189ad9ab246c197575a8c4eebe5,3f67235a5607746cc215eee5dd447a5e,12
5,1eab6189ad9ab246c197575a8c4eebe5,6284f9ad059fd7910f24ab69df891760,27
6,1eab6189ad9ab246c197575a8c4eebe5,93130c3cfa0d9d9a7635a085c3be99a1,-6
7,1eab6189ad9ab246c197575a8c4eebe5,cc6c4b67ac08f33590e75e9474122fc4,10
8,1eab6189ad9ab246c197575a8c4eebe5,b02d6090eb1155aab0614815c9f9ad73,28
9,1eab6189ad9ab246c197575a8c4eebe5,79af15b6a2238e81cd52b99490ed2709,1
10,1eab6189ad9ab246c197575a8c4eebe5,501e22e48df13d5a5b2b85a08c6d2ca9,16
0,1eab6189ad9ab246c197575a8c4eebe5,7c1c2ad6f3088c952dffd0335bb3af9b,-8
1,1eab6189ad9ab246c197575a8c4eebe5,d29058993b5746d37d0fd5348c5018e2,2
2,1eab6189ad9ab246c197575a8c4eebe5,fcca0a6b42249d73d83db4651c1c1c91,-13
3,1eab6189ad9ab246c197575a8c4eebe5,3637dae74ec0bcaa39275df5ef7bea71,-28
4,1eab6189ad9ab246c197575a8c4eebe5,cc770adb9f49dec34c5f80808fdfd418,1
5,1eab6189ad9ab246c197575a8c4eebe5,0b0dfe077fd547134c4b631cc7008465,8
6,1eab6189ad9ab246c197575a8c4eebe5,d60757b977513c3d88aad57e520cd3f3,2
7,1eab6189ad9ab246c197575a8c4eebe5,9205d55e83f96be2290f1e8849e9f062,-11
8,1eab6189ad9ab246c197575a8c4eebe5,c5a353e301078ea1cb4e8bc8fede12e9,-23
9,1eab6189ad9ab246c197575a8c4eebe5,58a634d96007527e1989120fe42d1072,-5
0,1f9e3cb05c031986cf8bc7c0a84cc517,b90945b4a95bfc10ffc239ec4eac211d,-30
1,1f9e3cb05c031986cf8bc7c0a84cc517,011ffbd69cd25a2324c720b64f31712a,-2
2,1f9e3cb05c031986cf8bc7c0a84cc517,e96dc78c444bead3a3e7d169f2fa6e07,-6
3,1f9e3cb05c031986cf8bc7c0a84cc517,2f1121d01dbff3e3dd6f17841dd34120,-15
4,1f9e3cb05c031986cf8bc7c0a84cc517,9d54ec2880190738ff0b490850aa21ef,-15
5,1f9e3cb05c031986cf8bc7c0a84cc517,2bff96fb00704f4d84b67d3ec95db8fd,-5
6,1f9e3cb05c031986cf8bc7c0a84cc517,4341f809d409ac17565852620cf80cbd,-15
7,1f9e3cb05c031986cf8bc7c0a84cc517,c149a245aa42a54348d9f4534c182e22,1
8,1f9e3cb05c031986cf8bc7c0a84cc517,c6a9f7baaf3b88105816cf658c0cf7e8,-33
9,1f9e3cb05c031986cf8bc7c0a84cc517,c6199433c79a95a34133f86971a148b1,-23
10,1f9e3cb05c031986cf8bc7c0a84cc517,57ed4bb35e7cef3fc5f579bd119ceeca,-24
11,1f9e3cb05c031986cf8bc7c0a84cc517,cbc1063c3b1731493f5de7dcd822a193,3
12,1f9e3cb05c031986cf8bc7c0a84cc517,70f7e0aad42e27aacb7490d349a4b233,-26
0,1f9e3cb05c031986cf8bc7c0a84cc517,89c04f26448f309cd55b487b0722bdad,-1
1,1f9e3cb05c031986cf8bc7c0a84cc517,9ddd4ed866679ee1020a2c8c426b222a,9
2,1f9e3cb05c031986cf8bc7c0a84cc517,173f319db1edc802bf85ecff4a759d8c,8
3,1f9e3cb05c031986cf8bc7c0a84cc517,35ca3467b0fbb6a737c25f3f4ca5b2a8,-2
4,1f9e3cb05c031986cf8bc7c0a84cc517,8855d25a0461a5ed487d0dbc7ad6c73b,-4
5,1f9e3cb05c031986cf8bc7c0a84cc517,6747ed60ebf43c90d3329c9d744662cb,27
6,1f9e3cb05c031986cf8bc7c0a84cc517,ff9ea417d5345bb5e4e6ec152ae2358f,17
7,1f9e3cb05c031986cf8bc7c0a84cc517,d39a4c1fa31258c322488a7329674adc,-4
8,1f9e3cb05c031986cf8bc7c0a84cc517,e0dffa2151192e79ffe8fb354c90ee27,39
9,1f9e3cb05c031986cf8bc7c0a84cc517,9f5b1af88e7d95ccb819e311d22fc1d9,28
10,1f9e3cb05c031986cf8bc7c0a84cc517,73be785a9fbca2eff767fbce1c398d66,2
11,1f9e3cb05c031986cf8bc7c0a84cc517,bd20bf656b42bc62dbff50057d2b229a,39
12,1f9e3cb05c031986cf8bc7c0a84cc517,bb78908ffd321b2e0709b9b462786360,32
0,2bf4ac0ed9ac1aee8767134d62b34dfe,73cae0c04831cfb8dd47d5f41faf277f,2
1,2bf4ac0ed9ac1aee8767134d62b34dfe,36d0e99d34dfb110a853cd2892065234,7
2,2bf4ac0ed9ac1aee8767134d62b34dfe,52af793d0eeef92b05ce0d6b01cf2542,2
3,2bf4ac0ed9ac1aee8767134d62b34dfe,4eff0c7b3c32f68bfece327044b47b49,7
4,2bf4ac0ed9ac1aee8767134d62b34dfe,0f02d616e027988803324c84e8951a0e,10
5,2bf4ac0ed9ac1aee8767134d62b34dfe,53502b8d547e58de75cb1622f66cae09,22
6,2bf4ac0ed9ac1aee8767134d62b34dfe,6a20279d61d8be94ea457bb5f6fe077a,-3
7,2bf4ac0ed9ac1aee8767134d62b34dfe,862015a22d1dd86103d865691dab92f0,-3
8,2bf4ac0ed9ac1aee8767134d62b34dfe,ad6a98bfd42a5a831a1a3401eaf96785,-2
9,2bf4ac0ed9ac1aee8767134d62b34dfe,50dd3829e418e0c92efe29566f288942,-3
10,2bf4ac0ed9ac1aee8767134d62b34dfe,4a34b108d006b92660ec7593dde29e0d,2
11,2bf4ac0ed9ac1aee8767134d62b34dfe,05c7b48e2ce68df138826699856fe6a5,7
12,2bf4ac0ed9ac1aee8767134d62b34dfe,30f38d775cff2a96532ccc7c5e48c48b,12
0,2bf4ac0ed9ac1aee8767134d62b34dfe,404f3be24b921150227c13f766e084cf,-9
1,2bf4ac0ed9ac1aee8767134d62b34dfe,926af53b4f0e8e7afd53aa2a4c46895d,-23
2,2bf4ac0ed9ac1aee8767134d62b34dfe,ffaf641f9379f76a57f15bab1e788e6d,-18
3,2bf4ac0ed9ac1aee8767134d62b34dfe,b2ba11f9de4921e8eee910b7c9d5404f,4
4,2bf4ac0ed9ac1aee8767134d62b34dfe,1b335cd14d37addc486b357c3b58db27,-7
5,2bf4ac0ed9ac1aee8767134d62b34dfe,c2502dbdbdc5273bac8daa884e3ff63a,5
6,2bf4ac0ed9ac1aee8767134d62b34dfe,64434221db9ba319f8d13632f1c2ad32,-13
7,2bf4ac0ed9ac1aee8767134d62b34dfe,67f4ecb2bff373b7f14f59bdf87b47c6,-2
8,2bf4ac0ed9ac1aee8767134d62b34dfe,f2e41e7ce25aff54b85ee5ab66f69187,5
9,2bf4ac0ed9ac1aee8767134d62b34dfe,508d962863dc09f49884cdd9a53d804a,-2
0,2faabfa663f4dfb9ed83a1482088e092,2f04dbbabeefc1447ca06ae228d8b42c,6
1,2faabfa663f4dfb9ed83a1482088e092,aa062d0d43fb0f311e962c085e1fb744,-1
2,2faabfa663f4dfb9ed83a1482088e092,cdb159e491966787f661d65f4d997fe8,1
3,2faabfa663f4dfb9ed83a1482088e092,1e0949f9de690dc085cd487fba834d4e,5
4,2faabfa663f4dfb9ed83a1482088e092,522a32a0442e32bce9aba28ac7ba327b,-12
5,2faabfa663f4dfb9ed83a1482088e092,a555fb30be57b11cdfbffa3654ba9f83,4
6,2faabfa663f4dfb9ed83a1482088e092,d3e3ae70ac393f24335f922cdeec1b1a,-4
7,2faabfa663f4dfb9ed83a1482088e092,16f7d070421f93ae177d8adf1bc0edf2,-8
8,2faabfa663f4dfb9ed83a1482088e092,466ef3d80ec02640eeecea72e08ad8c6,-9
9,2faabfa663f4dfb9ed83a1482088e092,4d64187a5343a51197a799982a97d173,1
10,2faabfa663f4dfb9ed83a1482088e092,039bd19014e6cfcf867f442aa412ad6a,-8
0,2faabfa663f4dfb9ed83a1482088e092,38165bacb00c27108cc23681972ee9ab,1
1,2faabfa663f4dfb9ed83a1482088e092,a21d7d83ae1fb9bc438e87b06072efbb,-8
2,2faabfa663f4dfb9ed83a1482088e092,7021635e4c42453f92b82fe89cfffa35,9
3,2faabfa663f4dfb9ed83a1482088e092,4b095e823bb1b4857a50d41a511930d4,8
4,2faabfa663f4dfb9ed83a1482088e092,38f5dec297d58ecae62c8a9549004520,0
5,2faabfa663f4dfb9ed83a1482088e092,14629670f976c0320bd2085956d073e1,4
6,2faabfa663f4dfb9ed83a1482088e092,c493d9929037f011bcb3ff8a2e468c6a,-4
7,2faabfa663f4dfb9ed83a1482088e092,b07ed3ce0e4991320064795011f02d4d,14
8,2faabfa663f4dfb9ed83a1482088e092,293f2b24a7c44b0d65cd9ac09b680ffc,-4
9,2faabfa663f4dfb9ed83a1482088e092,53e6c98d995191bfb806c5a7cf93db05,5
0,3152e9c330ce200cc189ae64ebdf41fc,926af53b4f0e8e7afd53aa2a4c46895d,-5
1,3152e9c330ce200cc189ae64ebdf41fc,4121c3bfb44f9d3a3151b212f31e7e04,-9
2,3152e9c330ce200cc189ae64ebdf41fc,5cfae6b3803440cb1d87ceead6aad4eb,-3
3,3152e9c330ce200cc189ae64ebdf41fc,928d7057f3a2b03d6e1574c5a55d0a54,11
4,3152e9c330ce200cc189ae64ebdf41fc,5e6c9c4441186264607c60fcc533574c,-7
5,3152e9c330ce200cc189ae64ebdf41fc,317a4d61e1dd679f93b3628f3e35e0d0,-3
6,3152e9c330ce200cc189ae64ebdf41fc,92dcab554aa5587162253437a4e485c6,-16
7,3152e9c330ce200cc189ae64ebdf41fc,249de90677348e56e1f8c68e67edd04f,-3
8,3152e9c330ce200cc189ae64ebdf41fc,978f65d65974dcaaea595daaa1b35a2a,-8
9,3152e9c330ce200cc189ae64ebdf41fc,74830bfa36f9e2005b3b6beb635e80f5,-9
10,3152e9c330ce200cc189ae64ebdf41fc,2f47647508381809be04b091b6ca7784,-8
0,3152e9c330ce200cc189ae64ebdf41fc,f666125388be8d19b945f07d44610948,10
1,3152e9c330ce200cc189ae64ebdf41fc,0b0922346df190dd8f900c44c1fae592,13
2,3152e9c330ce200cc189ae64ebdf41fc,d5f8cba7dd4e0eaf23240e6eb5540d92,3
3,3152e9c330ce200cc189ae64ebdf41fc,74c4ae2b904d732ede2f08765d27deea,1
4,3152e9c330ce200cc189ae64ebdf41fc,1661bd9c6b04cf1cc9aa15decef3c294,-1
5,3152e9c330ce200cc189ae64ebdf41fc,a1b3d414dba333bb2413b054b8460c07,5
6,3152e9c330ce200cc189ae64ebdf41fc,601a72cc4a6a409c9463e1a59a01fa29,4
7,3152e9c330ce200cc189ae64ebdf41fc,7f4090b5116c7fb52170667f3a30d2c6,-3
8,3152e9c330ce200cc189ae64ebdf41fc,f186747d3ece1e28b37719c9da06d18f,9
9,3152e9c330ce200cc189ae64ebdf41fc,6601540cadf11d946589194c685da2bf,19
0,33f631fec90cc1f08bb16cff5ed52f9b,91a259d73f01cc44ea00b70444bdac89,7
1,33f631fec90cc1f08bb16cff5ed52f9b,38165bacb00c27108cc23681972ee9ab,7
2,33f631fec90cc1f08bb16cff5ed52f9b,6d8221ca1af17d191a7a0bdc27ce61aa,3
3,33f631fec90cc1f08bb16cff5ed52f9b,a21d7d83ae1fb9bc438e87b06072efbb,0
4,33f631fec90cc1f08bb16cff5ed52f9b,7021635e4c42453f92b82fe89cfffa35,12
5,33f631fec90cc1f08bb16cff5ed52f9b,4b095e823bb1b4857a50d41a511930d4,-3
6,33f631fec90cc1f08bb16cff5ed52f9b,c493d9929037f011bcb3ff8a2e468c6a,5
7,33f631fec90cc1f08bb16cff5ed52f9b,b07ed3ce0e4991320064795011f02d4d,9
8,33f631fec90cc1f08bb16cff5ed52f9b,293f2b24a7c44b0d65cd9ac09b680ffc,2
9,33f631fec90cc1f08bb16cff5ed52f9b,9cdb7fcbb36cb039e63ea8074df32a81,3
0,33f631fec90cc1f08bb16cff5ed52f9b,7456d0c6cf404d5d6321c7332391f09a,-14
1,33f631fec90cc1f08bb16cff5ed52f9b,91d86c8bc25e3813bbae2f4e6c70753a,-15
2,33f631fec90cc1f08bb16cff5ed52f9b,c5c6264e03c7fb09cb1cc56249900c17,-3
3,33f631fec90cc1f08bb16cff5ed52f9b,5e0158b93a72b41987eec3429fb2038f,-13
4,33f631fec90cc1f08bb16cff5ed52f9b,6f223e85f3b3c72a7ce29a142767e806,6
5,33f631fec90cc1f08bb16cff5ed52f9b,f2f904a986118f6e2e67da38c64ffe81,-12
6,33f631fec90cc1f08bb16cff5ed52f9b,0f79f5ac1d01d9639c74a0cce4a8c7b3,4
7,33f631fec90cc1f08bb16cff5ed52f9b,5f6c28ea1939903f51fbff12de4aa7c2,2
0,345f285f7c654bf7a03e940a9bc923c3,73cae0c04831cfb8dd47d5f41faf277f,-2
1,345f285f7c654bf7a03e940a9bc923c3,36d0e99d34dfb110a853cd2892065234,-3
2,345f285f7c654bf7a03e940a9bc923c3,52af793d0eeef92b05ce0d6b01cf2542,-10
3,345f285f7c654bf7a03e940a9bc923c3,4eff0c7b3c32f68bfece327044b47b49,-2
4,345f285f7c654bf7a03e940a9bc923c3,0f02d616e027988803324c84e8951a0e,-2
5,345f285f7c654bf7a03e940a9bc923c3,59f29037d9dc9165fb360b9b3612d919,-1
6,345f285f7c654bf7a03e940a9bc923c3,53502b8d547e58de75cb1622f66cae09,4
7,345f285f7c654bf7a03e940a9bc923c3,6a20279d61d8be94ea457bb5f6fe077a,7
8,345f285f7c654bf7a03e940a9bc923c3,862015a22d1dd86103d865691dab92f0,-4
9,345f285f7c654bf7a03e940a9bc923c3,ad6a98bfd42a5a831a1a3401eaf96785,-8
10,345f285f7c654bf7a03e940a9bc923c3,4a34b108d006b92660ec7593dde29e0d,-1
11,345f285f7c654bf7a03e940a9bc923c3,05c7b48e2ce68df138826699856fe6a5,-10
12,345f285f7c654bf7a03e940a9bc923c3,30f38d775cff2a96532ccc7c5e48c48b,-8
0,345f285f7c654bf7a03e940a9bc923c3,1a1e3356af50591d6d13df1f919288c5,4
1,345f285f7c654bf7a03e940a9bc923c3,f6d83f1f77d73b0146900666f34e9f01,6
2,345f285f7c654bf7a03e940a9bc923c3,23d30ea674e3a1374d4ea788452ad6bb,10
3,345f285f7c654bf7a03e940a9bc923c3,056755eee40e0ae3ce0cebd5b9053a3c,8
4,345f285f7c654bf7a03e940a9bc923c3,7ed981d8ac6a49c95a4387973bd1ba42,-4
5,345f285f7c654bf7a03e940a9bc923c3,fd8b5b53146b42edda07a15e27051bca,5
6,345f285f7c654bf7a03e940a9bc923c3,c014e84aa77975fc1c2744e6b9f3270e,2
7,345f285f7c654bf7a03e940a9bc923c3,8628c4223c91b8f171a7f25e9bbd866b,3
8,345f285f7c654bf7a03e940a9bc923c3,27dad82447628aaa7e5a3ade0259bda7,1
9,345f285f7c654bf7a03e940a9bc923c3,677378538fa929f6c5568cafa2914c83,2
10,345f285f7c654bf7a03e940a9bc923c3,ed343691d2b2712df2037aa5c1a0f9ab,-5
11,345f285f7c654bf7a03e940a9bc923c3,1f8e6e61eb13aa30f5384a7e6716ec19,11
12,345f285f7c654bf7a03e940a9bc923c3,fd3a01d2c35cb46d49e9b2fe6fefea69,-3
0,3b753670a0d0df2c35c7ce2e0bc94e6c,0a7ae25da315e35e903233b4bb2252da,10
1,3b753670a0d0df2c35c7ce2e0bc94e6c,dfc487cf688d18f2a848bbf05e7a9f47,1
2,3b753670a0d0df2c35c7ce2e0bc94e6c,66c0552461f4db5611a978058e90b8b4,-3
3,3b753670a0d0df2c35c7ce2e0bc94e6c,3d9bcb1390d5efea6bbce4aac0952178,6
4,3b753670a0d0df2c35c7ce2e0bc94e6c,cc2c9a0eec200fae9bebb80d56d93b8c,5
5,3b753670a0d0df2c35c7ce2e0bc94e6c,b288a5a2a8615f37ae77f3ce71f061e8,5
6,3b753670a0d0df2c35c7ce2e0bc94e6c,852c9de6c917694981f071bc5eb58326,-16
7,3b753670a0d0df2c35c7ce2e0bc94e6c,c5f7286d166ca7f627e83c354c8e4f2a,-17
8,3b753670a0d0df2c35c7ce2e0bc94e6c,ea16528886a6058e0d8133e78bec598e,-6
9,3b753670a0d0df2c35c7ce2e0bc94e6c,515b44596849db9f6f2b360c576398fc,-8
10,3b753670a0d0df2c35c7ce2e0bc94e6c,9cdb7fcbb36cb039e63ea8074df32a81,-12
0,3b753670a0d0df2c35c7ce2e0bc94e6c,395b23ca47bf87d3370feaecbbc11676,14
1,3b753670a0d0df2c35c7ce2e0bc94e6c,6ca1613533eb84c8e5a99f443e9b5cde,-7
2,3b753670a0d0df2c35c7ce2e0bc94e6c,34c6c550fe96c36bdf86c24a0488fffc,6
3,3b753670a0d0df2c35c7ce2e0bc94e6c,335ab92f9ddc2954a236a5aaac332ba7,7
4,3b753670a0d0df2c35c7ce2e0bc94e6c,28cb486490a46a6228131b482be79bba,1
5,3b753670a0d0df2c35c7ce2e0bc94e6c,a07fb375dddea9eb7ca13848b9941daf,5
6,3b753670a0d0df2c35c7ce2e0bc94e6c,2589603a6d7a0aaeb9112f8ee416cebe,-8
7,3b753670a0d0df2c35c7ce2e0bc94e6c,048d36fcccd8d3c22d26e353ed176604,1
8,3b753670a0d0df2c35c7ce2e0bc94e6c,c3e7c28936c338dfd5131e63d2ad626a,2
9,3b753670a0d0df2c35c7ce2e0bc94e6c,963242c7a25ba9a70b245f482e960e75,14
0,56ccfaf0adead6f4c7236a01ca0cfbdc,43a74f78a8e39c7fb0ad193fb24f52ba,11
1,56ccfaf0adead6f4c7236a01ca0cfbdc,58a634d96007527e1989120fe42d1072,-8
2,56ccfaf0adead6f4c7236a01ca0cfbdc,e688b1a601a44fb2ac79c58bf6c89e8b,20
3,56ccfaf0adead6f4c7236a01ca0cfbdc,efccee5aa58785e3778eb8d773dfa791,-4
4,56ccfaf0adead6f4c7236a01ca0cfbdc,5fe2b12999c5b4a17dba17cb76b0cfbc,18
5,56ccfaf0adead6f4c7236a01ca0cfbdc,cc770adb9f49dec34c5f80808fdfd418,3
6,56ccfaf0adead6f4c7236a01ca0cfbdc,17651fd844ca9177694e0fe8e13ade03,17
7,56ccfaf0adead6f4c7236a01ca0cfbdc,f5f1164263044fc2ee91242daa221045,13
8,56ccfaf0adead6f4c7236a01ca0cfbdc,52f149c66e930e899eb96964f0e9d78b,-2
9,56ccfaf0adead6f4c7236a01ca0cfbdc,387d067091bd3a9264576ddb74759f5f,19
10,56ccfaf0adead6f4c7236a01ca0cfbdc,2b8bdfc64f41d1adefabcf7e0667a618,18
11,56ccfaf0adead6f4c7236a01ca0cfbdc,257b19b06545dcb0a4eb3a01d7952eed,12
12,56ccfaf0adead6f4c7236a01ca0cfbdc,ab1aaee5e4a6d0121e58866080be4ca8,-7
0,56ccfaf0adead6f4c7236a01ca0cfbdc,100cf64c65b01e459c9fdda0f8b75061,5
1,56ccfaf0adead6f4c7236a01ca0cfbdc,4d371dbb9d07b0a451e6a253244d3079,-17
2,56ccfaf0adead6f4c7236a01ca0cfbdc,085beb037fb1e12196085f66c9761cd4,-15
3,56ccfaf0adead6f4c7236a01ca0cfbdc,64b5b3b574055d3d0e71c4c9b5f48498,4
4,56ccfaf0adead6f4c7236a01ca0cfbdc,1e5a19729df6e4496686d9356be411ca,-14
5,56ccfaf0adead6f4c7236a01ca0cfbdc,5b82a306c99fa6afb74114ad40c19c94,-2
6,56ccfaf0adead6f4c7236a01ca0cfbdc,6becc2cf336cee342d817b90d632ae14,-5
7,56ccfaf0adead6f4c7236a01ca0cfbdc,e546fc654970cfc01f73c0d73250e97b,-14
8,56ccfaf0adead6f4c7236a01ca0cfbdc,3d6fa00462bffd51ce5cf6612ec9026a,-17
9,56ccfaf0adead6f4c7236a01ca0cfbdc,a82c2c880ccf01c25e5ffa252551a612,-12
10,56ccfaf0adead6f4c7236a01ca0cfbdc,171fe637accecc29979e5408595de077,-20
11,56ccfaf0adead6f4c7236a01ca0cfbdc,6928f97f25cd10ae4343eb4aedcd1c93,-3
0,598a55c8bf052d039d0fb4ff1a62f98a,3cc886aecaeb231f093c5bdded29d2dd,12
1,598a55c8bf052d039d0fb4ff1a62f98a,d74c692dc5f817e5d6598338b24e1035,32
2,598a55c8bf052d039d0fb4ff1a62f98a,fa59d02355adde510fbf3dd7a0b0930d,12
3,598a55c8bf052d039d0fb4ff1a62f98a,66c69301f757e48e6b780927b5a55e11,6
4,598a55c8bf052d039d0fb4ff1a62f98a,3f67235a5607746cc215eee5dd447a5e,5
5,598a55c8bf052d039d0fb4ff1a62f98a,6284f9ad059fd7910f24ab69df891760,32
6,598a55c8bf052d039d0fb4ff1a62f98a,93130c3cfa0d9d9a7635a085c3be99a1,16
7,598a55c8bf052d039d0fb4ff1a62f98a,cc6c4b67ac08f33590e75e9474122fc4,19
8,598a55c8bf052d039d0fb4ff1a62f98a,6b6a2da75825a3f756d32b57a6267460,16
9,598a55c8bf052d039d0fb4ff1a62f98a,b02d6090eb1155aab0614815c9f9ad73,16
10,598a55c8bf052d039d0fb4ff1a62f98a,79af15b6a2238e81cd52b99490ed2709,22
11,598a55c8bf052d039d0fb4ff1a62f98a,501e22e48df13d5a5b2b85a08c6d2ca9,22
12,598a55c8bf052d039d0fb4ff1a62f98a,061db8cbef53aa3743c9f53cb392c1bc,5
0,598a55c8bf052d039d0fb4ff1a62f98a,7c1c2ad6f3088c952dffd0335bb3af9b,-29
1,598a55c8bf052d039d0fb4ff1a62f98a,d29058993b5746d37d0fd5348c5018e2,-7
2,598a55c8bf052d039d0fb4ff1a62f98a,e6d3fc584789b9b914791ec969a8d5a4,-12
3,598a55c8bf052d039d0fb4ff1a62f98a,4c7117e85936b9b1c9c436394c9cdd0e,-15
4,598a55c8bf052d039d0fb4ff1a62f98a,461d33b042b3c349d69980f89e06f582,-26
5,598a55c8bf052d039d0fb4ff1a62f98a,3637dae74ec0bcaa39275df5ef7bea71,-29
6,598a55c8bf052d039d0fb4ff1a62f98a,0b0dfe077fd547134c4b631cc7008465,-16
7,598a55c8bf052d039d0fb4ff1a62f98a,7e0fe3d0e532a5786e2eec9b5d1bedc6,-21
8,598a55c8bf052d039d0fb4ff1a62f98a,0c2d9d598f919d635d1f230ea475ef04,-4
9,598a55c8bf052d039d0fb4ff1a62f98a,fcca0a6b42249d73d83db4651c1c1c91,-20
10,598a55c8bf052d039d0fb4ff1a62f98a,c5a353e301078ea1cb4e8bc8fede12e9,-21
11,598a55c8bf052d039d0fb4ff1a62f98a,83276e13d34f364faa3a24cecec245e1,-15
0,7fad2269ee0d11ae5069ff23ecb25913,6bd1756435a0433f9e007e173c78a407,-3
1,7fad2269ee0d11ae5069ff23ecb25913,f666125388be8d19b945f07d44610948,17
2,7fad2269ee0d11ae5069ff23ecb25913,0b0922346df190dd8f900c44c1fae592,18
3,7fad2269ee0d11ae5069ff23ecb25913,d5f8cba7dd4e0eaf23240e6eb5540d92,11
4,7fad2269ee0d11ae5069ff23ecb25913,1661bd9c6b04cf1cc9aa15decef3c294,1
5,7fad2269ee0d11ae5069ff23ecb25913,a1b3d414dba333bb2413b054b8460c07,17
6,7fad2269ee0d11ae5069ff23ecb25913,601a72cc4a6a409c9463e1a59a01fa29,15
7,7fad2269ee0d11ae5069ff23ecb25913,7f4090b5116c7fb52170667f3a30d2c6,5
8,7fad2269ee0d11ae5069ff23ecb25913,8ac430587c75579c9d99eba78169afdc,-2
9,7fad2269ee0d11ae5069ff23ecb25913,f186747d3ece1e28b37719c9da06d18f,19
10,7fad2269ee0d11ae5069ff23ecb25913,6601540cadf11d946589194c685da2bf,17
0,7fad2269ee0d11ae5069ff23ecb25913,fa5ca757de7c6c5ec97900bcabbc146e,-16
1,7fad2269ee0d11ae5069ff23ecb25913,100cf64c65b01e459c9fdda0f8b75061,-17
2,7fad2269ee0d11ae5069ff23ecb25913,02c4c706481eedebb00f53520176f60e,-12
3,7fad2269ee0d11ae5069ff23ecb25913,64b5b3b574055d3d0e71c4c9b5f48498,-11
4,7fad2269ee0d11ae5069ff23ecb25913,0b9f9787580f7ca0dbba7a0eb39b1c4d,-18
5,7fad2269ee0d11ae5069ff23ecb25913,3d6fa00462bffd51ce5cf6612ec9026a,-19
6,7fad2269ee0d11ae5069ff23ecb25913,5b82a306c99fa6afb74114ad40c19c94,-22
0,87d1574f478f37d13789284b96b4f6cb,4121c3bfb44f9d3a3151b212f31e7e04,5
1,87d1574f478f37d13789284b96b4f6cb,5cfae6b3803440cb1d87ceead6aad4eb,2
2,87d1574f478f37d13789284b96b4f6cb,928d7057f3a2b03d6e1574c5a55d0a54,-7
3,87d1574f478f37d13789284b96b4f6cb,5e6c9c4441186264607c60fcc533574c,22
4,87d1574f478f37d13789284b96b4f6cb,317a4d61e1dd679f93b3628f3e35e0d0,25
5,87d1574f478f37d13789284b96b4f6cb,249de90677348e56e1f8c68e67edd04f,-12
6,87d1574f478f37d13789284b96b4f6cb,978f65d65974dcaaea595daaa1b35a2a,22
7,87d1574f478f37d13789284b96b4f6cb,2a3cecf791ee8e19a105d8ff8a3296ef,-7
8,87d1574f478f37d13789284b96b4f6cb,74830bfa36f9e2005b3b6beb635e80f5,-12
9,87d1574f478f37d13789284b96b4f6cb,9b85cb9662c0d65b722d77aea12f3f13,14
10,87d1574f478f37d13789284b96b4f6cb,2f47647508381809be04b091b6ca7784,27
11,87d1574f478f37d13789284b96b4f6cb,90329ef6783257720e881642b13afcf1,11
0,87d1574f478f37d13789284b96b4f6cb,b2fada91a0c8a0f400623c425286ae2e,-9
1,87d1574f478f37d13789284b96b4f6cb,2d9594e4d250679e7a3383ad5ccd2f44,11
2,87d1574f478f37d13789284b96b4f6cb,2b313e2bcef0268bc8e9415132ba9997,-3
3,87d1574f478f37d13789284b96b4f6cb,cec898a1d355dbfbad8c760615fde1af,-25
4,87d1574f478f37d13789284b96b4f6cb,5234e98b6206eb09c43f8cf19ae9d6ef,6
5,87d1574f478f37d13789284b96b4f6cb,6bf40f9c2b640febc71d1393fb24d894,-22
6,87d1574f478f37d13789284b96b4f6cb,314c71574689f752c17b83cd6a4d770e,-24
7,87d1574f478f37d13789284b96b4f6cb,881f83d2dee3f18c7d1751659406144e,-9
8,87d1574f478f37d13789284b96b4f6cb,8669ba66385e8896db72f69bf95d7ca9,5
9,87d1574f478f37d13789284b96b4f6cb,a99f44bbff39e352191a870e17f04537,-7
10,87d1574f478f37d13789284b96b4f6cb,1362d9ad805e7cc4ea3a9467c91142d6,6
11,87d1574f478f37d13789284b96b4f6cb,f1b33b117f9ae58f140d9581c329452a,-19
0,88012a99d7fd1c169e2360aa5cdf8bfa,89c04f26448f309cd55b487b0722bdad,-4
1,88012a99d7fd1c169e2360aa5cdf8bfa,8744a467351282b52f1708ab0fac2e34,-9
2,88012a99d7fd1c169e2360aa5cdf8bfa,c5c6264e03c7fb09cb1cc56249900c17,-9
3,88012a99d7fd1c169e2360aa5cdf8bfa,173f319db1edc802bf85ecff4a759d8c,-14
4,88012a99d7fd1c169e2360aa5cdf8bfa,9d54ec2880190738ff0b490850aa21ef,-14
5,88012a99d7fd1c169e2360aa5cdf8bfa,35ca3467b0fbb6a737c25f3f4ca5b2a8,-7
6,88012a99d7fd1c169e2360aa5cdf8bfa,efa17727bd73df9be0622d56ec5e7f15,-21
7,88012a99d7fd1c169e2360aa5cdf8bfa,ff9ea417d5345bb5e4e6ec152ae2358f,-28
8,88012a99d7fd1c169e2360aa5cdf8bfa,6747ed60ebf43c90d3329c9d744662cb,-14
0,88012a99d7fd1c169e2360aa5cdf8bfa,7456d0c6cf404d5d6321c7332391f09a,8
1,88012a99d7fd1c169e2360aa5cdf8bfa,1f84a5c60249c938433f6398e80521ae,10
2,88012a99d7fd1c169e2360aa5cdf8bfa,5e0158b93a72b41987eec3429fb2038f,5
3,88012a99d7fd1c169e2360aa5cdf8bfa,6f223e85f3b3c72a7ce29a142767e806,0
4,88012a99d7fd1c169e2360aa5cdf8bfa,e9ae81cd14e76a11c325b7fb42611e06,2
5,88012a99d7fd1c169e2360aa5cdf8bfa,f2f904a986118f6e2e67da38c64ffe81,5
6,88012a99d7fd1c169e2360aa5cdf8bfa,0f79f5ac1d01d9639c74a0cce4a8c7b3,19
7,88012a99d7fd1c169e2360aa5cdf8bfa,bd24c26a700dff3c6b0812c487f621af,18
8,88012a99d7fd1c169e2360aa5cdf8bfa,b720c3a8a48569f1b468a00ac07c5f7f,23
9,88012a99d7fd1c169e2360aa5cdf8bfa,8a52b66854fe9b529941aae5668ff4aa,20
10,88012a99d7fd1c169e2360aa5cdf8bfa,5f6c28ea1939903f51fbff12de4aa7c2,10
0,896bcac9b0f35b250c9fb7a6325d8599,b90945b4a95bfc10ffc239ec4eac211d,-20
1,896bcac9b0f35b250c9fb7a6325d8599,011ffbd69cd25a2324c720b64f31712a,-10
2,896bcac9b0f35b250c9fb7a6325d8599,e96dc78c444bead3a3e7d169f2fa6e07,5
3,896bcac9b0f35b250c9fb7a6325d8599,2f1121d01dbff3e3dd6f17841dd34120,1
4,896bcac9b0f35b250c9fb7a6325d8599,2bff96fb00704f4d84b67d3ec95db8fd,-15
5,896bcac9b0f35b250c9fb7a6325d8599,4341f809d409ac17565852620cf80cbd,-9
6,896bcac9b0f35b250c9fb7a6325d8599,c149a245aa42a54348d9f4534c182e22,8
7,896bcac9b0f35b250c9fb7a6325d8599,c6a9f7baaf3b88105816cf658c0cf7e8,-10
8,896bcac9b0f35b250c9fb7a6325d8599,c6199433c79a95a34133f86971a148b1,-15
9,896bcac9b0f35b250c9fb7a6325d8599,57ed4bb35e7cef3fc5f579bd119ceeca,-10
10,896bcac9b0f35b250c9fb7a6325d8599,cbc1063c3b1731493f5de7dcd822a193,-11
11,896bcac9b0f35b250c9fb7a6325d8599,70f7e0aad42e27aacb7490d349a4b233,-24
0,896bcac9b0f35b250c9fb7a6325d8599,f666125388be8d19b945f07d44610948,15
1,896bcac9b0f35b250c9fb7a6325d8599,0b0922346df190dd8f900c44c1fae592,15
2,896bcac9b0f35b250c9fb7a6325d8599,d5f8cba7dd4e0eaf23240e6eb5540d92,7
3,896bcac9b0f35b250c9fb7a6325d8599,74c4ae2b904d732ede2f08765d27deea,7
4,896bcac9b0f35b250c9fb7a6325d8599,1661bd9c6b04cf1cc9aa15decef3c294,12
5,896bcac9b0f35b250c9fb7a6325d8599,a1b3d414dba333bb2413b054b8460c07,16
6,896bcac9b0f35b250c9fb7a6325d8599,601a72cc4a6a409c9463e1a59a01fa29,14
7,896bcac9b0f35b250c9fb7a6325d8599,7f4090b5116c7fb52170667f3a30d2c6,6
8,896bcac9b0f35b250c9fb7a6325d8599,8ac430587c75579c9d99eba78169afdc,-5
9,896bcac9b0f35b250c9fb7a6325d8599,f186747d3ece1e28b37719c9da06d18f,15
10,896bcac9b0f35b250c9fb7a6325d8599,6601540cadf11d946589194c685da2bf,8
0,8fd2943309c7accc78b41e047e1e9393,25f9b9aedb2a8c72079ebd39a3ff4c8c,7
1,8fd2943309c7accc78b41e047e1e9393,435985eef272a7b0ce81ae80508e90bf,-5
2,8fd2943309c7accc78b41e047e1e9393,30ffeac1e06740482da5c4f0dd3454ad,-8
3,8fd2943309c7accc78b41e047e1e9393,f974c6b5a65a034a866cd58014d6fbe3,-12
4,8fd2943309c7accc78b41e047e1e9393,54585b803d43739f9a55ac96da873fbf,-18
5,8fd2943309c7accc78b41e047e1e9393,825e2645d764579a9917c71844043eba,-11
6,8fd2943309c7accc78b41e047e1e9393,0d4f00ab57bedad897a0aecf8dfa692f,8
7,8fd2943309c7accc78b41e047e1e9393,cbd8848dea8700073ef1dbb218821339,4
8,8fd2943309c7accc78b41e047e1e9393,ea16528886a6058e0d8133e78bec598e,5
9,8fd2943309c7accc78b41e047e1e9393,2483495fb67054a3b6faa2c2bf8249e3,10
0,8fd2943309c7accc78b41e047e1e9393,603daefb2fa321f3abab289805fdcc25,10
1,8fd2943309c7accc78b41e047e1e9393,60b5f9f68ccbbf7ba3fa13a2189e2775,11
2,8fd2943309c7accc78b41e047e1e9393,c1fe6ed491d04e3cdf50755dff23b263,12
3,8fd2943309c7accc78b41e047e1e9393,57bbd7e30bc694aeee9ee40c583e6811,-8
4,8fd2943309c7accc78b41e047e1e9393,c00264c3114d23bac482e9de50fb7d28,-2
5,8fd2943309c7accc78b41e047e1e9393,27ea17a8685c4919f157e83fe9cb2d9e,-8
6,8fd2943309c7accc78b41e047e1e9393,307beab25b1021a548b4a47550bc4b25,1
7,8fd2943309c7accc78b41e047e1e9393,33963fe856a1523ff46438ba07d1d99f,0
8,8fd2943309c7accc78b41e047e1e9393,8bb18fb1d0cc10c985afa823ecec6d18,3
9,8fd2943309c7accc78b41e047e1e9393,dd5c21b550fa5e029f561a830763acbc,1
0,9db75b921076b5848cba7ca36436147c,7c1c2ad6f3088c952dffd0335bb3af9b,-7
1,9db75b921076b5848cba7ca36436147c,e6d3fc584789b9b914791ec969a8d5a4,7
2,9db75b921076b5848cba7ca36436147c,461d33b042b3c349d69980f89e06f582,8
3,9db75b921076b5848cba7ca36436147c,3637dae74ec0bcaa39275df5ef7bea71,8
4,9db75b921076b5848cba7ca36436147c,0c2d9d598f919d635d1f230ea475ef04,26
5,9db75b921076b5848cba7ca36436147c,0468a7cae6489acd7294600e8bad8b32,15
6,9db75b921076b5848cba7ca36436147c,fcca0a6b42249d73d83db4651c1c1c91,-8
7,9db75b921076b5848cba7ca36436147c,9205d55e83f96be2290f1e8849e9f062,27
8,9db75b921076b5848cba7ca36436147c,c5a353e301078ea1cb4e8bc8fede12e9,13
9,9db75b921076b5848cba7ca36436147c,83276e13d34f364faa3a24cecec245e1,11
0,9db75b921076b5848cba7ca36436147c,952cb62f00fbb58407f3a7cd89c3a7bf,-10
1,9db75b921076b5848cba7ca36436147c,8bea2707e7bf04c8a3d8188b87d92c0e,-18
2,9db75b921076b5848cba7ca36436147c,1e76e7a4a5b6d17e67172710d86b6b51,-19
3,9db75b921076b5848cba7ca36436147c,6350927cc9834a3a61e079a87de2470c,1
4,9db75b921076b5848cba7ca36436147c,1376b4800e5b2d50ce35a57827eadcfc,-7
5,9db75b921076b5848cba7ca36436147c,71cd93e320cd2da78733d23dae3274a0,-3
6,9db75b921076b5848cba7ca36436147c,e2d5a38e5f826708c89f2f728eade916,-10
7,9db75b921076b5848cba7ca36436147c,b248b1d9caa41a3562d67584c1a0b399,-8
8,9db75b921076b5848cba7ca36436147c,84a4a3c70c57b7d570baca43b5423ba3,3
9,9db75b921076b5848cba7ca36436147c,00d19f69501c09d98507b48ceff105e6,-5
10,9db75b921076b5848cba7ca36436147c,d1af6080bd4b6a794ba3595dab2b1fb8,-6
11,9db75b921076b5848cba7ca36436147c,6b08fc64c8d282c36e800d28eb278027,-18
0,9dce47bc3cbabd451a9bab758ca5467f,8bea2707e7bf04c8a3d8188b87d92c0e,11
1,9dce47bc3cbabd451a9bab758ca5467f,6350927cc9834a3a61e079a87de2470c,-8
2,9dce47bc3cbabd451a9bab758ca5467f,1376b4800e5b2d50ce35a57827eadcfc,-1
3,9dce47bc3cbabd451a9bab758ca5467f,d2a15fd08b7e2fce833c736710c3fd5e,-1
4,9dce47bc3cbabd451a9bab758ca5467f,71cd93e320cd2da78733d23dae3274a0,6
5,9dce47bc3cbabd451a9bab758ca5467f,e2d5a38e5f826708c89f2f728eade916,11
6,9dce47bc3cbabd451a9bab758ca5467f,81e57235a0f7d2ad49e275ae41070094,-9
7,9dce47bc3cbabd451a9bab758ca5467f,0328d04afb4a867fdabad5bdf2ae8ec2,-12
8,9dce47bc3cbabd451a9bab758ca5467f,b248b1d9caa41a3562d67584c1a0b399,-6
9,9dce47bc3cbabd451a9bab758ca5467f,84a4a3c70c57b7d570baca43b5423ba3,-6
10,9dce47bc3cbabd451a9bab758ca5467f,00d19f69501c09d98507b48ceff105e6,-14
11,9dce47bc3cbabd451a9bab758ca5467f,d1af6080bd4b6a794ba3595dab2b1fb8,-13
12,9dce47bc3cbabd451a9bab758ca5467f,6b08fc64c8d282c36e800d28eb278027,7
0,9dce47bc3cbabd451a9bab758ca5467f,4dda057700cc34ac57fede94ff8c0652,-4
1,9dce47bc3cbabd451a9bab758ca5467f,2f1121d01dbff3e3dd6f17841dd34120,7
2,9dce47bc3cbabd451a9bab758ca5467f,e96dc78c444bead3a3e7d169f2fa6e07,7
3,9dce47bc3cbabd451a9bab758ca5467f,35ca3467b0fbb6a737c25f3f4ca5b2a8,6
4,9dce47bc3cbabd451a9bab758ca5467f,e2e8d3e46399c9cfcdd591a26e81cf5f,10
5,9dce47bc3cbabd451a9bab758ca5467f,d6bc5eb6ed54c734628cb4d237f99031,-12
6,9dce47bc3cbabd451a9bab758ca5467f,4341f809d409ac17565852620cf80cbd,1
7,9dce47bc3cbabd451a9bab758ca5467f,c149a245aa42a54348d9f4534c182e22,11
8,9dce47bc3cbabd451a9bab758ca5467f,cbc1063c3b1731493f5de7dcd822a193,-7
9,9dce47bc3cbabd451a9bab758ca5467f,ea42a84dd3eb3284472048639ee676fd,16
0,a109cef8327feae75c3e4885cb4c6e2d,2f04dbbabeefc1447ca06ae228d8b42c,16
1,a109cef8327feae75c3e4885cb4c6e2d,aa062d0d43fb0f311e962c085e1fb744,-6
2,a109cef8327feae75c3e4885cb4c6e2d,93cccaa284535f9bef1dbce1d6adfb34,19
3,a109cef8327feae75c3e4885cb4c6e2d,522a32a0442e32bce9aba28ac7ba327b,11
4,a109cef8327feae75c3e4885cb4c6e2d,d3e3ae70ac393f24335f922cdeec1b1a,-2
5,a109cef8327feae75c3e4885cb4c6e2d,466ef3d80ec02640eeecea72e08ad8c6,-6
6,a109cef8327feae75c3e4885cb4c6e2d,16f7d070421f93ae177d8adf1bc0edf2,-10
7,a109cef8327feae75c3e4885cb4c6e2d,b0b5fb4a9b857c0cf63b80c1893bfef4,12
8,a109cef8327feae75c3e4885cb4c6e2d,039bd19014e6cfcf867f442aa412ad6a,21
0,a109cef8327feae75c3e4885cb4c6e2d,f6d83f1f77d73b0146900666f34e9f01,-4
1,a109cef8327feae75c3e4885cb4c6e2d,5806209d46068008b4ccafa90dca6469,12
2,a109cef8327feae75c3e4885cb4c6e2d,7ed981d8ac6a49c95a4387973bd1ba42,-9
3,a109cef8327feae75c3e4885cb4c6e2d,056755eee40e0ae3ce0cebd5b9053a3c,-20
4,a109cef8327feae75c3e4885cb4c6e2d,23d30ea674e3a1374d4ea788452ad6bb,-3
5,a109cef8327feae75c3e4885cb4c6e2d,fd8b5b53146b42edda07a15e27051bca,-5
6,a109cef8327feae75c3e4885cb4c6e2d,c014e84aa77975fc1c2744e6b9f3270e,-18
7,a109cef8327feae75c3e4885cb4c6e2d,27dad82447628aaa7e5a3ade0259bda7,4
8,a109cef8327feae75c3e4885cb4c6e2d,ed343691d2b2712df2037aa5c1a0f9ab,2
9,a109cef8327feae75c3e4885cb4c6e2d,fd3a01d2c35cb46d49e9b2fe6fefea69,-14
0,a32200385b4594cb11f8a19e92c96835,068cc724c0bdf4a9fc56d2eb2d88fb0f,4
1,a32200385b4594cb11f8a19e92c96835,9b250b78040c544e42e67c18034f9676,-9
2,a32200385b4594cb11f8a19e92c96835,0a4bdcb73ac21ffeb164386d44212f45,-7
3,a32200385b4594cb11f8a19e92c96835,3db8556c1f1efeb42aa762e45e2b25d4,-11
4,a32200385b4594cb11f8a19e92c96835,ad0cbdf3bde800a9ff964cd041d26e28,-9
5,a32200385b4594cb11f8a19e92c96835,315f46f7a5e1de7ef9b4c2430ce64e2d,-5
6,a32200385b4594cb11f8a19e92c96835,7d2101502c53723c2aaf2a8e5f150d97,-1
7,a32200385b4594cb11f8a19e92c96835,d410d3fcb5d2bcc23387a9d34650c16b,3
8,a32200385b4594cb11f8a19e92c96835,2dccc7085f3e5aa5a404fa6ef1bdd672,2
9,a32200385b4594cb11f8a19e92c96835,008c7fb331f92d216799d21a9104231a,-10
10,a32200385b4594cb11f8a19e92c96835,479986fc12b02040302f3d2b2a903e53,-2
0,a32200385b4594cb11f8a19e92c96835,7456d0c6cf404d5d6321c7332391f09a,7
1,a32200385b4594cb11f8a19e92c96835,91d86c8bc25e3813bbae2f4e6c70753a,-5
2,a32200385b4594cb11f8a19e92c96835,6f223e85f3b3c72a7ce29a142767e806,5
3,a32200385b4594cb11f8a19e92c96835,e9ae81cd14e76a11c325b7fb42611e06,0
4,a32200385b4594cb11f8a19e92c96835,f2f904a986118f6e2e67da38c64ffe81,8
5,a32200385b4594cb11f8a19e92c96835,0f79f5ac1d01d9639c74a0cce4a8c7b3,8
6,a32200385b4594cb11f8a19e92c96835,bd24c26a700dff3c6b0812c487f621af,12
7,a32200385b4594cb11f8a19e92c96835,b720c3a8a48569f1b468a00ac07c5f7f,6
8,a32200385b4594cb11f8a19e92c96835,8a52b66854fe9b529941aae5668ff4aa,6
9,a32200385b4594cb11f8a19e92c96835,5f6c28ea1939903f51fbff12de4aa7c2,-2
0,a442eeb8e92d2941addba3996bd7d0a0,b90945b4a95bfc10ffc239ec4eac211d,5
1,a442eeb8e92d2941addba3996bd7d0a0,011ffbd69cd25a2324c720b64f31712a,4
2,a442eeb8e92d2941addba3996bd7d0a0,2f1121d01dbff3e3dd6f17841dd34120,-2
3,a442eeb8e92d2941addba3996bd7d0a0,9d54ec2880190738ff0b490850aa21ef,-5
4,a442eeb8e92d2941addba3996bd7d0a0,ebec10a71fa69e4668ab1102ff7da2d2,6
5,a442eeb8e92d2941addba3996bd7d0a0,e2e8d3e46399c9cfcdd591a26e81cf5f,19
6,a442eeb8e92d2941addba3996bd7d0a0,4341f809d409ac17565852620cf80cbd,-11
7,a442eeb8e92d2941addba3996bd7d0a0,c6a9f7baaf3b88105816cf658c0cf7e8,-5
8,a442eeb8e92d2941addba3996bd7d0a0,c6199433c79a95a34133f86971a148b1,9
9,a442eeb8e92d2941addba3996bd7d0a0,57ed4bb35e7cef3fc5f579bd119ceeca,-13
10,a442eeb8e92d2941addba3996bd7d0a0,cbc1063c3b1731493f5de7dcd822a193,21
11,a442eeb8e92d2941addba3996bd7d0a0,70f7e0aad42e27aacb7490d349a4b233,22
0,a442eeb8e92d2941addba3996bd7d0a0,0a4bdcb73ac21ffeb164386d44212f45,5
1,a442eeb8e92d2941addba3996bd7d0a0,c6e0c30c8c02b0706682ec89eb6fc565,-1
2,a442eeb8e92d2941addba3996bd7d0a0,3db8556c1f1efeb42aa762e45e2b25d4,-14
3,a442eeb8e92d2941addba3996bd7d0a0,ad0cbdf3bde800a9ff964cd041d26e28,1
4,a442eeb8e92d2941addba3996bd7d0a0,07695ef9feebc6ba02831f0f3c22662a,4
5,a442eeb8e92d2941addba3996bd7d0a0,7d2101502c53723c2aaf2a8e5f150d97,-14
6,a442eeb8e92d2941addba3996bd7d0a0,c17f6e6b83ccc768962046f1af1372a5,-10
7,a442eeb8e92d2941addba3996bd7d0a0,008c7fb331f92d216799d21a9104231a,4
8,a442eeb8e92d2941addba3996bd7d0a0,0a7bab1764e8696f355e018c6fd0e8b7,-16
9,a442eeb8e92d2941addba3996bd7d0a0,479986fc12b02040302f3d2b2a903e53,-9
0,a55fe197c4ae19094a2303a950c7e70c,fa5ca757de7c6c5ec97900bcabbc146e,-8
1,a55fe197c4ae19094a2303a950c7e70c,472dc36ed0d28b2fd318d15bbd292320,30
2,a55fe197c4ae19094a2303a950c7e70c,1010437803b67e17a67a8966294555a7,2
3,a55fe197c4ae19094a2303a950c7e70c,f5250354772b45edb362cd3d5286b6e0,4
4,a55fe197c4ae19094a2303a950c7e70c,907b36dd80d1411453e94bc61e2ca9a3,15
5,a55fe197c4ae19094a2303a950c7e70c,e1f8bfdb6088ec65d99d98570149b1f0,14
6,a55fe197c4ae19094a2303a950c7e70c,44f7d39533b8d47af9cb1dcd7b5afb25,-2
7,a55fe197c4ae19094a2303a950c7e70c,0b9f9787580f7ca0dbba7a0eb39b1c4d,-9
8,a55fe197c4ae19094a2303a950c7e70c,a30c2c75d6a204ed450a2c423c11d362,29
9,a55fe197c4ae19094a2303a950c7e70c,7367a4fcf2f4af747576b5dcb9ffdd77,28
10,a55fe197c4ae19094a2303a950c7e70c,e43aba9ca924c29b2a41feb7d3c8bc5b,2
0,a55fe197c4ae19094a2303a950c7e70c,603daefb2fa321f3abab289805fdcc25,-3
1,a55fe197c4ae19094a2303a950c7e70c,60b5f9f68ccbbf7ba3fa13a2189e2775,8
2,a55fe197c4ae19094a2303a950c7e70c,c1fe6ed491d04e3cdf50755dff23b263,2
3,a55fe197c4ae19094a2303a950c7e70c,57bbd7e30bc694aeee9ee40c583e6811,-21
4,a55fe197c4ae19094a2303a950c7e70c,c00264c3114d23bac482e9de50fb7d28,-21
5,a55fe197c4ae19094a2303a950c7e70c,52c2b7c1bc3d4104de29f896fc644871,-1
6,a55fe197c4ae19094a2303a950c7e70c,27ea17a8685c4919f157e83fe9cb2d9e,-29
7,a55fe197c4ae19094a2303a950c7e70c,5ff25817b04f08b02c9781970f1234c6,0
8,a55fe197c4ae19094a2303a950c7e70c,307beab25b1021a548b4a47550bc4b25,-19
9,a55fe197c4ae19094a2303a950c7e70c,33963fe856a1523ff46438ba07d1d99f,-21
10,a55fe197c4ae19094a2303a950c7e70c,8bb18fb1d0cc10c985afa823ecec6d18,-1
11,a55fe197c4ae19094a2303a950c7e70c,dd5c21b550fa5e029f561a830763acbc,1
0,b2abcb6a29ed3d99db98084c96638bff,c73b83c931b184e173ceb68b5ec6b66d,2
1,b2abcb6a29ed3d99db98084c96638bff,5806209d46068008b4ccafa90dca6469,2
2,b2abcb6a29ed3d99db98084c96638bff,7ed981d8ac6a49c95a4387973bd1ba42,26
3,b2abcb6a29ed3d99db98084c96638bff,056755eee40e0ae3ce0cebd5b9053a3c,27
4,b2abcb6a29ed3d99db98084c96638bff,23d30ea674e3a1374d4ea788452ad6bb,5
5,b2abcb6a29ed3d99db98084c96638bff,fd8b5b53146b42edda07a15e27051bca,5
6,b2abcb6a29ed3d99db98084c96638bff,c014e84aa77975fc1c2744e6b9f3270e,19
7,b2abcb6a29ed3d99db98084c96638bff,8628c4223c91b8f171a7f25e9bbd866b,-2
8,b2abcb6a29ed3d99db98084c96638bff,27dad82447628aaa7e5a3ade0259bda7,15
9,b2abcb6a29ed3d99db98084c96638bff,677378538fa929f6c5568cafa2914c83,4
10,b2abcb6a29ed3d99db98084c96638bff,ed343691d2b2712df2037aa5c1a0f9ab,-11
11,b2abcb6a29ed3d99db98084c96638bff,1f8e6e61eb13aa30f5384a7e6716ec19,18
12,b2abcb6a29ed3d99db98084c96638bff,fd3a01d2c35cb46d49e9b2fe6fefea69,5
0,b2abcb6a29ed3d99db98084c96638bff,e5e2fb66fc3e8ee0edf076e60d343031,-13
1,b2abcb6a29ed3d99db98084c96638bff,78b2c63af827b482d7e3ffa096f4fbd2,-18
2,b2abcb6a29ed3d99db98084c96638bff,b1ae0bb44250b8cd2e080de545a6cd1b,-2
3,b2abcb6a29ed3d99db98084c96638bff,17c5b4a9be5e0fa567d3d38ca65e4005,-5
4,b2abcb6a29ed3d99db98084c96638bff,f74cedcf99a3aabc222398db7499bac1,-15
5,b2abcb6a29ed3d99db98084c96638bff,110efe8a264188c41b74dca2c1211247,-3
6,b2abcb6a29ed3d99db98084c96638bff,b67e5a2e593be71fe871d7d511f0ab55,-3
7,b2abcb6a29ed3d99db98084c96638bff,b88215f941a479097d996e4e6136d3d5,0
8,b2abcb6a29ed3d99db98084c96638bff,33f469a601417bebf0be722241d131e6,-20
9,b2abcb6a29ed3d99db98084c96638bff,6de0ac647d194bdcfc0854c7ad51c44e,-6
10,b2abcb6a29ed3d99db98084c96638bff,d7f2b465bbe159ecb83cb95d120df260,-23
11,b2abcb6a29ed3d99db98084c96638bff,321fe275d1d66f05c5014fd97e870834,-7
0,b2c59cbe723394436526560db23e6a93,e5e2fb66fc3e8ee0edf076e60d343031,6
1,b2c59cbe723394436526560db23e6a93,321fe275d1d66f05c5014fd97e870834,-3
2,b2c59cbe723394436526560db23e6a93,17c5b4a9be5e0fa567d3d38ca65e4005,-8
3,b2c59cbe723394436526560db23e6a93,3ac301867a2503f6aba31824dd7364db,-9
4,b2c59cbe723394436526560db23e6a93,f74cedcf99a3aabc222398db7499bac1,-2
5,b2c59cbe723394436526560db23e6a93,b67e5a2e593be71fe871d7d511f0ab55,-1
6,b2c59cbe723394436526560db23e6a93,110efe8a264188c41b74dca2c1211247,-12
7,b2c59cbe723394436526560db23e6a93,0beb157ecf02b2c67048597bb3c514b5,-12
8,b2c59cbe723394436526560db23e6a93,d7f2b465bbe159ecb83cb95d120df260,-1
9,b2c59cbe723394436526560db23e6a93,d4777cb3468137b35f7e80b7434bec27,-8
0,b2c59cbe723394436526560db23e6a93,050e16220dddff68fc37eca695cee3b4,-1
1,b2c59cbe723394436526560db23e6a93,9075d598a348b290d9c426e41662e593,5
2,b2c59cbe723394436526560db23e6a93,2892cf3e89fc147144ccbd45a194d64a,9
3,b2c59cbe723394436526560db23e6a93,4596ed9dd04a94f6ad5e60ebda302350,-2
4,b2c59cbe723394436526560db23e6a93,3a8bc5d57192fa6462a9b76f2eb06563,-6
5,b2c59cbe723394436526560db23e6a93,1278107e4a5c3735de706159c381fd82,7
6,b2c59cbe723394436526560db23e6a93,5f2d1b7a31eb9117654c9d056093bfa5,10
7,b2c59cbe723394436526560db23e6a93,bc77b0f38cb51b2cfe8552000e585cbf,1
8,b2c59cbe723394436526560db23e6a93,648cb1de466b2c196fcd360502c34458,8
9,b2c59cbe723394436526560db23e6a93,336ec76a9accfb5359ea7e69f2610947,19
0,bd1f8947f5541c2fb22f6328a58f4fc6,4dda057700cc34ac57fede94ff8c0652,10
1,bd1f8947f5541c2fb22f6328a58f4fc6,b90945b4a95bfc10ffc239ec4eac211d,23
2,bd1f8947f5541c2fb22f6328a58f4fc6,2f1121d01dbff3e3dd6f17841dd34120,-7
3,bd1f8947f5541c2fb22f6328a58f4fc6,011ffbd69cd25a2324c720b64f31712a,-7
4,bd1f8947f5541c2fb22f6328a58f4fc6,e96dc78c444bead3a3e7d169f2fa6e07,-5
5,bd1f8947f5541c2fb22f6328a58f4fc6,e2e8d3e46399c9cfcdd591a26e81cf5f,7
6,bd1f8947f5541c2fb22f6328a58f4fc6,4341f809d409ac17565852620cf80cbd,-10
7,bd1f8947f5541c2fb22f6328a58f4fc6,c6a9f7baaf3b88105816cf658c0cf7e8,16
8,bd1f8947f5541c2fb22f6328a58f4fc6,57ed4bb35e7cef3fc5f579bd119ceeca,5
9,bd1f8947f5541c2fb22f6328a58f4fc6,cbc1063c3b1731493f5de7dcd822a193,1
10,bd1f8947f5541c2fb22f6328a58f4fc6,70f7e0aad42e27aacb7490d349a4b233,2
0,bd1f8947f5541c2fb22f6328a58f4fc6,89c04f26448f309cd55b487b0722bdad,8
1,bd1f8947f5541c2fb22f6328a58f4fc6,8744a467351282b52f1708ab0fac2e34,-2
2,bd1f8947f5541c2fb22f6328a58f4fc6,173f319db1edc802bf85ecff4a759d8c,-6
3,bd1f8947f5541c2fb22f6328a58f4fc6,35ca3467b0fbb6a737c25f3f4ca5b2a8,7
4,bd1f8947f5541c2fb22f6328a58f4fc6,8855d25a0461a5ed487d0dbc7ad6c73b,8
5,bd1f8947f5541c2fb22f6328a58f4fc6,6747ed60ebf43c90d3329c9d744662cb,-21
6,bd1f8947f5541c2fb22f6328a58f4fc6,ff9ea417d5345bb5e4e6ec152ae2358f,-3
7,bd1f8947f5541c2fb22f6328a58f4fc6,efa17727bd73df9be0622d56ec5e7f15,-2
8,bd1f8947f5541c2fb22f6328a58f4fc6,d39a4c1fa31258c322488a7329674adc,-11
9,bd1f8947f5541c2fb22f6328a58f4fc6,bd20bf656b42bc62dbff50057d2b229a,-4
10,bd1f8947f5541c2fb22f6328a58f4fc6,bb78908ffd321b2e0709b9b462786360,-9
0,be5f61a5354154b3d7cba7536f189e2f,73cae0c04831cfb8dd47d5f41faf277f,15
1,be5f61a5354154b3d7cba7536f189e2f,52af793d0eeef92b05ce0d6b01cf2542,-4
2,be5f61a5354154b3d7cba7536f189e2f,4eff0c7b3c32f68bfece327044b47b49,-2
3,be5f61a5354154b3d7cba7536f189e2f,0f02d616e027988803324c84e8951a0e,0
4,be5f61a5354154b3d7cba7536f189e2f,59f29037d9dc9165fb360b9b3612d919,9
5,be5f61a5354154b3d7cba7536f189e2f,6a20279d61d8be94ea457bb5f6fe077a,-7
6,be5f61a5354154b3d7cba7536f189e2f,862015a22d1dd86103d865691dab92f0,7
7,be5f61a5354154b3d7cba7536f189e2f,ad6a98bfd42a5a831a1a3401eaf96785,-13
8,be5f61a5354154b3d7cba7536f189e2f,50dd3829e418e0c92efe29566f288942,1
9,be5f61a5354154b3d7cba7536f189e2f,4a34b108d006b92660ec7593dde29e0d,17
10,be5f61a5354154b3d7cba7536f189e2f,05c7b48e2ce68df138826699856fe6a5,-7
11,be5f61a5354154b3d7cba7536f189e2f,30f38d775cff2a96532ccc7c5e48c48b,9
0,be5f61a5354154b3d7cba7536f189e2f,603daefb2fa321f3abab289805fdcc25,6
1,be5f61a5354154b3d7cba7536f189e2f,60b5f9f68ccbbf7ba3fa13a2189e2775,-7
2,be5f61a5354154b3d7cba7536f189e2f,c1fe6ed491d04e3cdf50755dff23b263,-3
3,be5f61a5354154b3d7cba7536f189e2f,57bbd7e30bc694aeee9ee40c583e6811,8
4,be5f61a5354154b3d7cba7536f189e2f,c00264c3114d23bac482e9de50fb7d28,-3
5,be5f61a5354154b3d7cba7536f189e2f,27ea17a8685c4919f157e83fe9cb2d9e,2
6,be5f61a5354154b3d7cba7536f189e2f,5ff25817b04f08b02c9781970f1234c6,-4
7,be5f61a5354154b3d7cba7536f189e2f,307beab25b1021a548b4a47550bc4b25,-16
8,be5f61a5354154b3d7cba7536f189e2f,8bb18fb1d0cc10c985afa823ecec6d18,1
9,be5f61a5354154b3d7cba7536f189e2f,dd5c21b550fa5e029f561a830763acbc,-9
0,bfc4c8f688f511fb76f7fd82a3807f94,100cf64c65b01e459c9fdda0f8b75061,16
1,bfc4c8f688f511fb76f7fd82a3807f94,81bf6c77460a6f7219c623af50178de5,-3
2,bfc4c8f688f511fb76f7fd82a3807f94,4d371dbb9d07b0a451e6a253244d3079,17
3,bfc4c8f688f511fb76f7fd82a3807f94,085beb037fb1e12196085f66c9761cd4,15
4,bfc4c8f688f511fb76f7fd82a3807f94,1e5a19729df6e4496686d9356be411ca,3
5,bfc4c8f688f511fb76f7fd82a3807f94,e546fc654970cfc01f73c0d73250e97b,8
6,bfc4c8f688f511fb76f7fd82a3807f94,3d6fa00462bffd51ce5cf6612ec9026a,2
7,bfc4c8f688f511fb76f7fd82a3807f94,a82c2c880ccf01c25e5ffa252551a612,14
8,bfc4c8f688f511fb76f7fd82a3807f94,171fe637accecc29979e5408595de077,8
0,bfc4c8f688f511fb76f7fd82a3807f94,9fa70948d1ad86af009ffad239f8a464,-6
1,bfc4c8f688f511fb76f7fd82a3807f94,404f3be24b921150227c13f766e084cf,-3
2,bfc4c8f688f511fb76f7fd82a3807f94,4c96537f405d4671d86876fd67f0762d,0
3,bfc4c8f688f511fb76f7fd82a3807f94,ffaf641f9379f76a57f15bab1e788e6d,-7
4,bfc4c8f688f511fb76f7fd82a3807f94,b2ba11f9de4921e8eee910b7c9d5404f,-14
5,bfc4c8f688f511fb76f7fd82a3807f94,1b335cd14d37addc486b357c3b58db27,-10
6,bfc4c8f688f511fb76f7fd82a3807f94,c2502dbdbdc5273bac8daa884e3ff63a,-21
7,bfc4c8f688f511fb76f7fd82a3807f94,007b0de63548bac45dfacc0870a4a537,3
8,bfc4c8f688f511fb76f7fd82a3807f94,64434221db9ba319f8d13632f1c2ad32,-4
9,bfc4c8f688f511fb76f7fd82a3807f94,67f4ecb2bff373b7f14f59bdf87b47c6,-9
10,bfc4c8f688f511fb76f7fd82a3807f94,f2e41e7ce25aff54b85ee5ab66f69187,-6
11,bfc4c8f688f511fb76f7fd82a3807f94,508d962863dc09f49884cdd9a53d804a,-3
0,c005dbf89ef3fb55d6f0f0461ada5560,7c1c2ad6f3088c952dffd0335bb3af9b,6
1,c005dbf89ef3fb55d6f0f0461ada5560,d29058993b5746d37d0fd5348c5018e2,-19
2,c005dbf89ef3fb55d6f0f0461ada5560,e6d3fc584789b9b914791ec969a8d5a4,0
3,c005dbf89ef3fb55d6f0f0461ada5560,461d33b042b3c349d69980f89e06f582,25
4,c005dbf89ef3fb55d6f0f0461ada5560,3637dae74ec0bcaa39275df5ef7bea71,-10
5,c005dbf89ef3fb55d6f0f0461ada5560,0c2d9d598f919d635d1f230ea475ef04,16
6,c005dbf89ef3fb55d6f0f0461ada5560,0468a7cae6489acd7294600e8bad8b32,13
7,c005dbf89ef3fb55d6f0f0461ada5560,13742c470562ea186133c3a06e43d172,-7
8,c005dbf89ef3fb55d6f0f0461ada5560,c5a353e301078ea1cb4e8bc8fede12e9,-15
9,c005dbf89ef3fb55d6f0f0461ada5560,83276e13d34f364faa3a24cecec245e1,21
0,c005dbf89ef3fb55d6f0f0461ada5560,e5e2fb66fc3e8ee0edf076e60d343031,8
1,c005dbf89ef3fb55d6f0f0461ada5560,321fe275d1d66f05c5014fd97e870834,7
2,c005dbf89ef3fb55d6f0f0461ada5560,17c5b4a9be5e0fa567d3d38ca65e4005,-14
3,c005dbf89ef3fb55d6f0f0461ada5560,110efe8a264188c41b74dca2c1211247,7
4,c005dbf89ef3fb55d6f0f0461ada5560,0beb157ecf02b2c67048597bb3c514b5,-5
5,c005dbf89ef3fb55d6f0f0461ada5560,33f469a601417bebf0be722241d131e6,-13
6,c005dbf89ef3fb55d6f0f0461ada5560,6de0ac647d194bdcfc0854c7ad51c44e,-14
7,c005dbf89ef3fb55d6f0f0461ada5560,d7f2b465bbe159ecb83cb95d120df260,6
8,c005dbf89ef3fb55d6f0f0461ada5560,d4777cb3468137b35f7e80b7434bec27,-12
0,c18a10de1375b1f12aa17ef6cc540102,91a259d73f01cc44ea00b70444bdac89,-13
1,c18a10de1375b1f12aa17ef6cc540102,38165bacb00c27108cc23681972ee9ab,-3
2,c18a10de1375b1f12aa17ef6cc540102,7021635e4c42453f92b82fe89cfffa35,-17
3,c18a10de1375b1f12aa17ef6cc540102,4b095e823bb1b4857a50d41a511930d4,0
4,c18a10de1375b1f12aa17ef6cc540102,38f5dec297d58ecae62c8a9549004520,9
5,c18a10de1375b1f12aa17ef6cc540102,14629670f976c0320bd2085956d073e1,9
6,c18a10de1375b1f12aa17ef6cc540102,c493d9929037f011bcb3ff8a2e468c6a,-9
7,c18a10de1375b1f12aa17ef6cc540102,b07ed3ce0e4991320064795011f02d4d,-10
8,c18a10de1375b1f12aa17ef6cc540102,293f2b24a7c44b0d65cd9ac09b680ffc,-12
9,c18a10de1375b1f12aa17ef6cc540102,b2e677220105e6d33b08f102109ae232,-9
10,c18a10de1375b1f12aa17ef6cc540102,53e6c98d995191bfb806c5a7cf93db05,-7
11,c18a10de1375b1f12aa17ef6cc540102,9cdb7fcbb36cb039e63ea8074df32a81,-18
0,c18a10de1375b1f12aa17ef6cc540102,952cb62f00fbb58407f3a7cd89c3a7bf,5
1,c18a10de1375b1f12aa17ef6cc540102,8bea2707e7bf04c8a3d8188b87d92c0e,10
2,c18a10de1375b1f12aa17ef6cc540102,1e76e7a4a5b6d17e67172710d86b6b51,1
3,c18a10de1375b1f12aa17ef6cc540102,1376b4800e5b2d50ce35a57827eadcfc,26
4,c18a10de1375b1f12aa17ef6cc540102,d2a15fd08b7e2fce833c736710c3fd5e,-9
5,c18a10de1375b1f12aa17ef6cc540102,71cd93e320cd2da78733d23dae3274a0,13
6,c18a10de1375b1f12aa17ef6cc540102,e2d5a38e5f826708c89f2f728eade916,31
7,c18a10de1375b1f12aa17ef6cc540102,7438349cba4a3154e331f38cfbb2dd5e,-9
8,c18a10de1375b1f12aa17ef6cc540102,b248b1d9caa41a3562d67584c1a0b399,6
9,c18a10de1375b1f12aa17ef6cc540102,84a4a3c70c57b7d570baca43b5423ba3,2
10,c18a10de1375b1f12aa17ef6cc540102,00d19f69501c09d98507b48ceff105e6,-9
11,c18a10de1375b1f12aa17ef6cc540102,d1af6080bd4b6a794ba3595dab2b1fb8,-6
12,c18a10de1375b1f12aa17ef6cc540102,6b08fc64c8d282c36e800d28eb278027,19
0,cc638bdf25316add638154b45434aebd,7afc3cf0c2557f13e927da9ab03725dc,17
1,cc638bdf25316add638154b45434aebd,4f4e47023263931e1445dc97f7dae941,15
2,cc638bdf25316add638154b45434aebd,be9b1397bcb9fb9104edd23670988cda,-4
3,cc638bdf25316add638154b45434aebd,f4e77e1d9313c8f7274d0ca3ef38ed3d,12
4,cc638bdf25316add638154b45434aebd,f79a2b5e6190ac3c534645e806f1b611,2
5,cc638bdf25316add638154b45434aebd,021dabc5d7a1404ec8ad34fe8ca4b5e3,2
6,cc638bdf25316add638154b45434aebd,bc6bc2e33f8e12c3632ba3cbf67200d1,5
7,cc638bdf25316add638154b45434aebd,ac0e388f8e54b5a360b572302b933639,-16
8,cc638bdf25316add638154b45434aebd,c4072556336827a70c8a0298bc658b5b,-7
9,cc638bdf25316add638154b45434aebd,5779f715384a05dc9cea4ddf21ab564c,13
10,cc638bdf25316add638154b45434aebd,45e7a758a91a254ff04756562e740f2d,-4
0,cc638bdf25316add638154b45434aebd,c721802743c4dd0a6d0fbdc0ccb8d196,-9
1,cc638bdf25316add638154b45434aebd,011ffbd69cd25a2324c720b64f31712a,8
2,cc638bdf25316add638154b45434aebd,2b313e2bcef0268bc8e9415132ba9997,8
3,cc638bdf25316add638154b45434aebd,091e956c671f029caa455f13ef42c4c2,-15
4,cc638bdf25316add638154b45434aebd,5234e98b6206eb09c43f8cf19ae9d6ef,5
5,cc638bdf25316add638154b45434aebd,6bf40f9c2b640febc71d1393fb24d894,-4
6,cc638bdf25316add638154b45434aebd,a99f44bbff39e352191a870e17f04537,-7
7,cc638bdf25316add638154b45434aebd,2db991f86a08c6e83cf5d916da7b16d7,-11
8,cc638bdf25316add638154b45434aebd,1362d9ad805e7cc4ea3a9467c91142d6,-10
0,d0c6985ffc5f03ba09393699467a580a,068cc724c0bdf4a9fc56d2eb2d88fb0f,-13
1,d0c6985ffc5f03ba09393699467a580a,0a4bdcb73ac21ffeb164386d44212f45,7
2,d0c6985ffc5f03ba09393699467a580a,c6e0c30c8c02b0706682ec89eb6fc565,7
3,d0c6985ffc5f03ba09393699467a580a,07695ef9feebc6ba02831f0f3c22662a,7
4,d0c6985ffc5f03ba09393699467a580a,7d2101502c53723c2aaf2a8e5f150d97,-10
5,d0c6985ffc5f03ba09393699467a580a,c17f6e6b83ccc768962046f1af1372a5,9
6,d0c6985ffc5f03ba09393699467a580a,008c7fb331f92d216799d21a9104231a,4
7,d0c6985ffc5f03ba09393699467a580a,0a7bab1764e8696f355e018c6fd0e8b7,-2
8,d0c6985ffc5f03ba09393699467a580a,479986fc12b02040302f3d2b2a903e53,-8
9,d0c6985ffc5f03ba09393699467a580a,377f464a91323a8e2c5486ce2cb4c153,-6
0,d0c6985ffc5f03ba09393699467a580a,25f9b9aedb2a8c72079ebd39a3ff4c8c,11
1,d0c6985ffc5f03ba09393699467a580a,54585b803d43739f9a55ac96da873fbf,-3
2,d0c6985ffc5f03ba09393699467a580a,30ffeac1e06740482da5c4f0dd3454ad,7
3,d0c6985ffc5f03ba09393699467a580a,f974c6b5a65a034a866cd58014d6fbe3,6
4,d0c6985ffc5f03ba09393699467a580a,825e2645d764579a9917c71844043eba,-10
5,d0c6985ffc5f03ba09393699467a580a,0d4f00ab57bedad897a0aecf8dfa692f,2
6,d0c6985ffc5f03ba09393699467a580a,a41e691698563706342ff5eca9e22bf1,-1
7,d0c6985ffc5f03ba09393699467a580a,cbd8848dea8700073ef1dbb218821339,-2
8,d0c6985ffc5f03ba09393699467a580a,ea16528886a6058e0d8133e78bec598e,-5
0,d3a00898abc790fd5643d05f996f05f6,4c96537f405d4671d86876fd67f0762d,-18
1,d3a00898abc790fd5643d05f996f05f6,9fa70948d1ad86af009ffad239f8a464,0
2,d3a00898abc790fd5643d05f996f05f6,404f3be24b921150227c13f766e084cf,3
3,d3a00898abc790fd5643d05f996f05f6,9dfb640c64a314da8e0fd9993fea7c8f,5
4,d3a00898abc790fd5643d05f996f05f6,12f2718c657784e4b5f766789d3df3bf,-3
5,d3a00898abc790fd5643d05f996f05f6,1b335cd14d37addc486b357c3b58db27,0
6,d3a00898abc790fd5643d05f996f05f6,c2502dbdbdc5273bac8daa884e3ff63a,-7
7,d3a00898abc790fd5643d05f996f05f6,063e48c00d94d39401fac3f94276ce6a,-5
8,d3a00898abc790fd5643d05f996f05f6,007b0de63548bac45dfacc0870a4a537,6
9,d3a00898abc790fd5643d05f996f05f6,67f4ecb2bff373b7f14f59bdf87b47c6,4
10,d3a00898abc790fd5643d05f996f05f6,f2e41e7ce25aff54b85ee5ab66f69187,-5
11,d3a00898abc790fd5643d05f996f05f6,508d962863dc09f49884cdd9a53d804a,3
12,d3a00898abc790fd5643d05f996f05f6,9b85cb9662c0d65b722d77aea12f3f13,-13
0,d3a00898abc790fd5643d05f996f05f6,b1ae0bb44250b8cd2e080de545a6cd1b,19
1,d3a00898abc790fd5643d05f996f05f6,3ac301867a2503f6aba31824dd7364db,10
2,d3a00898abc790fd5643d05f996f05f6,b67e5a2e593be71fe871d7d511f0ab55,8
3,d3a00898abc790fd5643d05f996f05f6,110efe8a264188c41b74dca2c1211247,-5
4,d3a00898abc790fd5643d05f996f05f6,d7f2b465bbe159ecb83cb95d120df260,1
5,d3a00898abc790fd5643d05f996f05f6,321fe275d1d66f05c5014fd97e870834,0
6,d3a00898abc790fd5643d05f996f05f6,c9c7a2ee43d9e8b1dd0c6eb6f9be7022,-3
0,d9eb042455c8f36574d3a52e678a8916,73cae0c04831cfb8dd47d5f41faf277f,-3
1,d9eb042455c8f36574d3a52e678a8916,36d0e99d34dfb110a853cd2892065234,3
2,d9eb042455c8f36574d3a52e678a8916,0f02d616e027988803324c84e8951a0e,-3
3,d9eb042455c8f36574d3a52e678a8916,53502b8d547e58de75cb1622f66cae09,7
4,d9eb042455c8f36574d3a52e678a8916,59f29037d9dc9165fb360b9b3612d919,-9
5,d9eb042455c8f36574d3a52e678a8916,ad6a98bfd42a5a831a1a3401eaf96785,-3
6,d9eb042455c8f36574d3a52e678a8916,4a34b108d006b92660ec7593dde29e0d,6
7,d9eb042455c8f36574d3a52e678a8916,05c7b48e2ce68df138826699856fe6a5,7
8,d9eb042455c8f36574d3a52e678a8916,30f38d775cff2a96532ccc7c5e48c48b,8
9,d9eb042455c8f36574d3a52e678a8916,4eff0c7b3c32f68bfece327044b47b49,7
0,d9eb042455c8f36574d3a52e678a8916,2f04dbbabeefc1447ca06ae228d8b42c,-2
1,d9eb042455c8f36574d3a52e678a8916,aa062d0d43fb0f311e962c085e1fb744,6
2,d9eb042455c8f36574d3a52e678a8916,cdb159e491966787f661d65f4d997fe8,-10
3,d9eb042455c8f36574d3a52e678a8916,93cccaa284535f9bef1dbce1d6adfb34,-1
4,d9eb042455c8f36574d3a52e678a8916,522a32a0442e32bce9aba28ac7ba327b,5
5,d9eb042455c8f36574d3a52e678a8916,d3e3ae70ac393f24335f922cdeec1b1a,-6
6,d9eb042455c8f36574d3a52e678a8916,466ef3d80ec02640eeecea72e08ad8c6,-7
7,d9eb042455c8f36574d3a52e678a8916,16f7d070421f93ae177d8adf1bc0edf2,-5
8,d9eb042455c8f36574d3a52e678a8916,b0b5fb4a9b857c0cf63b80c1893bfef4,-6
9,d9eb042455c8f36574d3a52e678a8916,4d64187a5343a51197a799982a97d173,-1
10,d9eb042455c8f36574d3a52e678a8916,039bd19014e6cfcf867f442aa412ad6a,7
0,dadcdbe527d9d72f8b0907796f7559cb,ffaf641f9379f76a57f15bab1e788e6d,11
1,dadcdbe527d9d72f8b0907796f7559cb,24724aa699e58a03806f85980aa6e7c0,11
2,dadcdbe527d9d72f8b0907796f7559cb,4121c3bfb44f9d3a3151b212f31e7e04,16
3,dadcdbe527d9d72f8b0907796f7559cb,5cfae6b3803440cb1d87ceead6aad4eb,23
4,dadcdbe527d9d72f8b0907796f7559cb,928d7057f3a2b03d6e1574c5a55d0a54,11
5,dadcdbe527d9d72f8b0907796f7559cb,5e6c9c4441186264607c60fcc533574c,13
6,dadcdbe527d9d72f8b0907796f7559cb,b2ba11f9de4921e8eee910b7c9d5404f,9
7,dadcdbe527d9d72f8b0907796f7559cb,317a4d61e1dd679f93b3628f3e35e0d0,11
8,dadcdbe527d9d72f8b0907796f7559cb,92dcab554aa5587162253437a4e485c6,19
9,dadcdbe527d9d72f8b0907796f7559cb,249de90677348e56e1f8c68e67edd04f,17
10,dadcdbe527d9d72f8b0907796f7559cb,978f65d65974dcaaea595daaa1b35a2a,26
11,dadcdbe527d9d72f8b0907796f7559cb,74830bfa36f9e2005b3b6beb635e80f5,15
12,dadcdbe527d9d72f8b0907796f7559cb,2f47647508381809be04b091b6ca7784,13
0,dadcdbe527d9d72f8b0907796f7559cb,875a3f8821cc8b53f87e446230015c62,-18
1,dadcdbe527d9d72f8b0907796f7559cb,2eeada608e233557df90216a902fbc98,-21
2,dadcdbe527d9d72f8b0907796f7559cb,d39fd16f0b287a447787404fedf12983,-26
3,dadcdbe527d9d72f8b0907796f7559cb,efccee5aa58785e3778eb8d773dfa791,-20
4,dadcdbe527d9d72f8b0907796f7559cb,54393360fa8811223b580041b2792de8,-14
5,dadcdbe527d9d72f8b0907796f7559cb,83944f9dd3038c23ba3bfedebce2519e,-24
6,dadcdbe527d9d72f8b0907796f7559cb,3b532bdaf4b8e53a39e49771a8339720,-20
7,dadcdbe527d9d72f8b0907796f7559cb,f8e9b9ba10fcf68af334471084df15c9,-21
8,dadcdbe527d9d72f8b0907796f7559cb,377f464a91323a8e2c5486ce2cb4c153,-31
0,dc9261160f28c7e28ffe11e9724aa2b3,0a7ae25da315e35e903233b4bb2252da,-18
1,dc9261160f28c7e28ffe11e9724aa2b3,6c15237c89ddcd2fd17c120149e033e9,-4
2,dc9261160f28c7e28ffe11e9724aa2b3,3d9bcb1390d5efea6bbce4aac0952178,-1
3,dc9261160f28c7e28ffe11e9724aa2b3,cc2c9a0eec200fae9bebb80d56d93b8c,3
4,dc9261160f28c7e28ffe11e9724aa2b3,b288a5a2a8615f37ae77f3ce71f061e8,14
5,dc9261160f28c7e28ffe11e9724aa2b3,852c9de6c917694981f071bc5eb58326,18
6,dc9261160f28c7e28ffe11e9724aa2b3,b177b26c374aefaddfc0895c08bf1ea7,-20
7,dc9261160f28c7e28ffe11e9724aa2b3,db86ba65d6046f9384355934073a2b9d,9
8,dc9261160f28c7e28ffe11e9724aa2b3,59d0622b78201a399694cd27d235f863,-5
9,dc9261160f28c7e28ffe11e9724aa2b3,515b44596849db9f6f2b360c576398fc,14
0,dc9261160f28c7e28ffe11e9724aa2b3,fa5ca757de7c6c5ec97900bcabbc146e,-12
1,dc9261160f28c7e28ffe11e9724aa2b3,472dc36ed0d28b2fd318d15bbd292320,-9
2,dc9261160f28c7e28ffe11e9724aa2b3,1010437803b67e17a67a8966294555a7,-8
3,dc9261160f28c7e28ffe11e9724aa2b3,f5250354772b45edb362cd3d5286b6e0,12
4,dc9261160f28c7e28ffe11e9724aa2b3,7367a4fcf2f4af747576b5dcb9ffdd77,8
5,dc9261160f28c7e28ffe11e9724aa2b3,907b36dd80d1411453e94bc61e2ca9a3,-15
6,dc9261160f28c7e28ffe11e9724aa2b3,0b9f9787580f7ca0dbba7a0eb39b1c4d,15
7,dc9261160f28c7e28ffe11e9724aa2b3,a30c2c75d6a204ed450a2c423c11d362,6
8,dc9261160f28c7e28ffe11e9724aa2b3,86221f74b2afc0d40da3005ce1479d4b,-12
9,dc9261160f28c7e28ffe11e9724aa2b3,e43aba9ca924c29b2a41feb7d3c8bc5b,5
0,dd4d15aab3b091546f9bf65b7f562f26,2eeada608e233557df90216a902fbc98,-7
1,dd4d15aab3b091546f9bf65b7f562f26,6e21954485044405e05c6384c99d23e3,-7
2,dd4d15aab3b091546f9bf65b7f562f26,efccee5aa58785e3778eb8d773dfa791,-3
3,dd4d15aab3b091546f9bf65b7f562f26,66b04e3d18df11c48839db5bd1597c02,6
4,dd4d15aab3b091546f9bf65b7f562f26,54393360fa8811223b580041b2792de8,-6
5,dd4d15aab3b091546f9bf65b7f562f26,83944f9dd3038c23ba3bfedebce2519e,-1
6,dd4d15aab3b091546f9bf65b7f562f26,285f819d294e245977e8bf12b2be4765,-8
7,dd4d15aab3b091546f9bf65b7f562f26,3b532bdaf4b8e53a39e49771a8339720,-14
8,dd4d15aab3b091546f9bf65b7f562f26,f8e9b9ba10fcf68af334471084df15c9,-5
9,dd4d15aab3b091546f9bf65b7f562f26,2f1ef4c0eab0128f3a2622ddf85cf201,-7
10,dd4d15aab3b091546f9bf65b7f562f26,7fece8953398ce9739a0d9bfc7b4a0e6,-8
0,dd4d15aab3b091546f9bf65b7f562f26,676ca52cf152e1691e774f02d61f6e35,4
1,dd4d15aab3b091546f9bf65b7f562f26,36b6d1374b888ef311eb59e4b7368f78,14
2,dd4d15aab3b091546f9bf65b7f562f26,8fdab3e3f9022d0fadca93e4cd59cddc,7
3,dd4d15aab3b091546f9bf65b7f562f26,de8c14a823090b1f97fbb15ce28fd078,2
4,dd4d15aab3b091546f9bf65b7f562f26,417afba21d2c399474c48fa0d4993de2,9
5,dd4d15aab3b091546f9bf65b7f562f26,fe1871734c4c4601acf113acb94da1b7,5
6,dd4d15aab3b091546f9bf65b7f562f26,34c349ba8477c94eb0a7545b439c9bd3,15
7,dd4d15aab3b091546f9bf65b7f562f26,7ad27aab65cc1ce38a8720efe685e24f,-2
8,dd4d15aab3b091546f9bf65b7f562f26,6de0ac647d194bdcfc0854c7ad51c44e,5
9,dd4d15aab3b091546f9bf65b7f562f26,46f88362b82eee93adfda97ce7caa4ab,1
0,ded7de5f5252e901151b00938ce580c1,050e16220dddff68fc37eca695cee3b4,-19
1,ded7de5f5252e901151b00938ce580c1,9075d598a348b290d9c426e41662e593,2
2,ded7de5f5252e901151b00938ce580c1,3a7ac3ab38d3261d8c162d52a7f4e644,-9
3,ded7de5f5252e901151b00938ce580c1,4596ed9dd04a94f6ad5e60ebda302350,-11
4,ded7de5f5252e901151b00938ce580c1,2892cf3e89fc147144ccbd45a194d64a,2
5,ded7de5f5252e901151b00938ce580c1,2faa88bc657b3dbf4aeeb2f3eb7a1e23,2
6,ded7de5f5252e901151b00938ce580c1,5f2d1b7a31eb9117654c9d056093bfa5,-15
7,ded7de5f5252e901151b00938ce580c1,648cb1de466b2c196fcd360502c34458,2
8,ded7de5f5252e901151b00938ce580c1,36f020989d86eefe270ab346e6f80e4e,-11
9,ded7de5f5252e901151b00938ce580c1,bc77b0f38cb51b2cfe8552000e585cbf,-7
10,ded7de5f5252e901151b00938ce580c1,336ec76a9accfb5359ea7e69f2610947,-13
11,ded7de5f5252e901151b00938ce580c1,963242c7a25ba9a70b245f482e960e75,-10
12,ded7de5f5252e901151b00938ce580c1,867712e1cdfd8b15d083f3be2af4bc0f,-8
0,ded7de5f5252e901151b00938ce580c1,676ca52cf152e1691e774f02d61f6e35,-6
1,ded7de5f5252e901151b00938ce580c1,36b6d1374b888ef311eb59e4b7368f78,1
2,ded7de5f5252e901151b00938ce580c1,8fdab3e3f9022d0fadca93e4cd59cddc,12
3,ded7de5f5252e901151b00938ce580c1,de8c14a823090b1f97fbb15ce28fd078,-5
4,ded7de5f5252e901151b00938ce580c1,3ac301867a2503f6aba31824dd7364db,7
5,ded7de5f5252e901151b00938ce580c1,417afba21d2c399474c48fa0d4993de2,14
6,ded7de5f5252e901151b00938ce580c1,34c349ba8477c94eb0a7545b439c9bd3,17
7,ded7de5f5252e901151b00938ce580c1,fe1871734c4c4601acf113acb94da1b7,16
8,ded7de5f5252e901151b00938ce580c1,7ad27aab65cc1ce38a8720efe685e24f,17
9,ded7de5f5252e901151b00938ce580c1,9a07071107374d4c6a0292b80396c99c,4
10,ded7de5f5252e901151b00938ce580c1,46f88362b82eee93adfda97ce7caa4ab,18
0,e26fa57f2c5e83edc21e3f97b55cbecd,74f677b5efa87503eead993dfa30ca27,-14
1,e26fa57f2c5e83edc21e3f97b55cbecd,6336b73a02925ee68f635cdf2a5101f1,-3
2,e26fa57f2c5e83edc21e3f97b55cbecd,7e0fe3d0e532a5786e2eec9b5d1bedc6,-6
3,e26fa57f2c5e83edc21e3f97b55cbecd,e8f08c4244cbc01674a2c6f7c10117ae,-3
4,e26fa57f2c5e83edc21e3f97b55cbecd,881f83d2dee3f18c7d1751659406144e,-1
5,e26fa57f2c5e83edc21e3f97b55cbecd,83ec3271b8078785b0055a1f7817068f,-11
6,e26fa57f2c5e83edc21e3f97b55cbecd,ba5861d8e221e712fc92aebfe00a4782,-12
7,e26fa57f2c5e83edc21e3f97b55cbecd,73be785a9fbca2eff767fbce1c398d66,-7
8,e26fa57f2c5e83edc21e3f97b55cbecd,9e0ccb212abed9880097869dbfb903c5,-12
9,e26fa57f2c5e83edc21e3f97b55cbecd,dcb6b241fcbbd838bc3437c8e1fc4ccb,-1
0,e26fa57f2c5e83edc21e3f97b55cbecd,394e78a51b6d2fd3c046f11f49fcab57,17
1,e26fa57f2c5e83edc21e3f97b55cbecd,646b0273682c1592a938bbfb21332ded,8
2,e26fa57f2c5e83edc21e3f97b55cbecd,85b8db431f11d51d5def87fc58229be4,7
3,e26fa57f2c5e83edc21e3f97b55cbecd,d8e4f0fd2e836518e681c99a3f9e4411,11
4,e26fa57f2c5e83edc21e3f97b55cbecd,1a8dfc8c85278dd28ed7985e40fc6018,9
5,e26fa57f2c5e83edc21e3f97b55cbecd,e211885d70d20be63797249090882c53,-2
6,e26fa57f2c5e83edc21e3f97b55cbecd,762b12c3cb57fad4b882040b3293fa31,14
7,e26fa57f2c5e83edc21e3f97b55cbecd,1532445b96ca1edd411bfae064b189bb,0
8,e26fa57f2c5e83edc21e3f97b55cbecd,1c73194e0fa711701298e4a27b046bab,6
0,e3ca2e93a38f7497b6f476c86f5b2136,43a74f78a8e39c7fb0ad193fb24f52ba,-9
1,e3ca2e93a38f7497b6f476c86f5b2136,e6d3fc584789b9b914791ec969a8d5a4,-25
2,e3ca2e93a38f7497b6f476c86f5b2136,e688b1a601a44fb2ac79c58bf6c89e8b,-2
3,e3ca2e93a38f7497b6f476c86f5b2136,b73aad6e3aa709f60c19344e876acc10,-5
4,e3ca2e93a38f7497b6f476c86f5b2136,5fe2b12999c5b4a17dba17cb76b0cfbc,13
5,e3ca2e93a38f7497b6f476c86f5b2136,1f2bef6aac30136c2f03004656efa3c0,-4
6,e3ca2e93a38f7497b6f476c86f5b2136,17651fd844ca9177694e0fe8e13ade03,18
7,e3ca2e93a38f7497b6f476c86f5b2136,f5f1164263044fc2ee91242daa221045,18
8,e3ca2e93a38f7497b6f476c86f5b2136,387d067091bd3a9264576ddb74759f5f,21
9,e3ca2e93a38f7497b6f476c86f5b2136,2b8bdfc64f41d1adefabcf7e0667a618,10
10,e3ca2e93a38f7497b6f476c86f5b2136,67871d34cda8ae6037909c357510928c,-5
11,e3ca2e93a38f7497b6f476c86f5b2136,ab1aaee5e4a6d0121e58866080be4ca8,-5
0,e3ca2e93a38f7497b6f476c86f5b2136,603daefb2fa321f3abab289805fdcc25,9
1,e3ca2e93a38f7497b6f476c86f5b2136,60b5f9f68ccbbf7ba3fa13a2189e2775,4
2,e3ca2e93a38f7497b6f476c86f5b2136,a60cb266e26f960c075b6694022baae6,-7
3,e3ca2e93a38f7497b6f476c86f5b2136,57bbd7e30bc694aeee9ee40c583e6811,-30
4,e3ca2e93a38f7497b6f476c86f5b2136,c00264c3114d23bac482e9de50fb7d28,-33
5,e3ca2e93a38f7497b6f476c86f5b2136,52c2b7c1bc3d4104de29f896fc644871,14
6,e3ca2e93a38f7497b6f476c86f5b2136,5ff25817b04f08b02c9781970f1234c6,-13
7,e3ca2e93a38f7497b6f476c86f5b2136,307beab25b1021a548b4a47550bc4b25,2
8,e3ca2e93a38f7497b6f476c86f5b2136,8bb18fb1d0cc10c985afa823ecec6d18,19
9,e3ca2e93a38f7497b6f476c86f5b2136,dd5c21b550fa5e029f561a830763acbc,10
0,e44e31fefaa028c1e9df1a71d4aff555,2f04dbbabeefc1447ca06ae228d8b42c,10
1,e44e31fefaa028c1e9df1a71d4aff555,aa062d0d43fb0f311e962c085e1fb744,4
2,e44e31fefaa028c1e9df1a71d4aff555,cdb159e491966787f661d65f4d997fe8,-3
3,e44e31fefaa028c1e9df1a71d4aff555,93cccaa284535f9bef1dbce1d6adfb34,-3
4,e44e31fefaa028c1e9df1a71d4aff555,522a32a0442e32bce9aba28ac7ba327b,-10
5,e44e31fefaa028c1e9df1a71d4aff555,a555fb30be57b11cdfbffa3654ba9f83,11
6,e44e31fefaa028c1e9df1a71d4aff555,d3e3ae70ac393f24335f922cdeec1b1a,7
7,e44e31fefaa028c1e9df1a71d4aff555,16f7d070421f93ae177d8adf1bc0edf2,-8
8,e44e31fefaa028c1e9df1a71d4aff555,466ef3d80ec02640eeecea72e08ad8c6,-1
9,e44e31fefaa028c1e9df1a71d4aff555,039bd19014e6cfcf867f442aa412ad6a,8
0,e44e31fefaa028c1e9df1a71d4aff555,28ce9a11a56397b259299fdd9710dab5,2
1,e44e31fefaa028c1e9df1a71d4aff555,58f273dbbf002f0ec411fc247e07dd0a,-6
2,e44e31fefaa028c1e9df1a71d4aff555,9f0ee42268a2542d7fd028fe79184286,0
3,e44e31fefaa028c1e9df1a71d4aff555,eaa6c5d9e964e04fa05b4db476fb46f0,3
4,e44e31fefaa028c1e9df1a71d4aff555,8b1f1c4a8f9f63c436dd736e77b0e9e8,0
5,e44e31fefaa028c1e9df1a71d4aff555,f285f13f0c036a88bd85535e47e88aef,-11
6,e44e31fefaa028c1e9df1a71d4aff555,1cd0599b37f77c2be76a2c6df23d1ba8,0
7,e44e31fefaa028c1e9df1a71d4aff555,adcd53acc9f5585db4c510745b2bac89,8
8,e44e31fefaa028c1e9df1a71d4aff555,9d4117dd37b6a8592a711ef940b82de4,-4
9,e44e31fefaa028c1e9df1a71d4aff555,62a21c6589a18649d9d4c8a651a829ce,-7
0,f0332f91eb943b64b39ef28daf6639c5,73cae0c04831cfb8dd47d5f41faf277f,37
1,f0332f91eb943b64b39ef28daf6639c5,36d0e99d34dfb110a853cd2892065234,7
2,f0332f91eb943b64b39ef28daf6639c5,52af793d0eeef92b05ce0d6b01cf2542,21
3,f0332f91eb943b64b39ef28daf6639c5,0f02d616e027988803324c84e8951a0e,7
4,f0332f91eb943b64b39ef28daf6639c5,53502b8d547e58de75cb1622f66cae09,-3
5,f0332f91eb943b64b39ef28daf6639c5,59f29037d9dc9165fb360b9b3612d919,11
6,f0332f91eb943b64b39ef28daf6639c5,6a20279d61d8be94ea457bb5f6fe077a,-2
7,f0332f91eb943b64b39ef28daf6639c5,862015a22d1dd86103d865691dab92f0,-3
8,f0332f91eb943b64b39ef28daf6639c5,ad6a98bfd42a5a831a1a3401eaf96785,-8
9,f0332f91eb943b64b39ef28daf6639c5,4a34b108d006b92660ec7593dde29e0d,35
10,f0332f91eb943b64b39ef28daf6639c5,05c7b48e2ce68df138826699856fe6a5,-3
11,f0332f91eb943b64b39ef28daf6639c5,30f38d775cff2a96532ccc7c5e48c48b,17
12,f0332f91eb943b64b39ef28daf6639c5,4eff0c7b3c32f68bfece327044b47b49,24
0,f0332f91eb943b64b39ef28daf6639c5,0a7ae25da315e35e903233b4bb2252da,-1
1,f0332f91eb943b64b39ef28daf6639c5,dfc487cf688d18f2a848bbf05e7a9f47,-27
2,f0332f91eb943b64b39ef28daf6639c5,6c15237c89ddcd2fd17c120149e033e9,-17
3,f0332f91eb943b64b39ef28daf6639c5,3d9bcb1390d5efea6bbce4aac0952178,-5
4,f0332f91eb943b64b39ef28daf6639c5,cc2c9a0eec200fae9bebb80d56d93b8c,-18
5,f0332f91eb943b64b39ef28daf6639c5,b288a5a2a8615f37ae77f3ce71f061e8,-20
6,f0332f91eb943b64b39ef28daf6639c5,b177b26c374aefaddfc0895c08bf1ea7,-3
7,f0332f91eb943b64b39ef28daf6639c5,12d1d91e35cddf4defdd250392f4f2e5,0
8,f0332f91eb943b64b39ef28daf6639c5,db86ba65d6046f9384355934073a2b9d,-31
9,f0332f91eb943b64b39ef28daf6639c5,66c0552461f4db5611a978058e90b8b4,-10
10,f0332f91eb943b64b39ef28daf6639c5,59d0622b78201a399694cd27d235f863,-11
11,f0332f91eb943b64b39ef28daf6639c5,515b44596849db9f6f2b360c576398fc,3
0,f385e8caae86b6cb58ed3241c1278ce3,100cf64c65b01e459c9fdda0f8b75061,-1
1,f385e8caae86b6cb58ed3241c1278ce3,4d371dbb9d07b0a451e6a253244d3079,5
2,f385e8caae86b6cb58ed3241c1278ce3,a60cb266e26f960c075b6694022baae6,13
3,f385e8caae86b6cb58ed3241c1278ce3,1e5a19729df6e4496686d9356be411ca,2
4,f385e8caae86b6cb58ed3241c1278ce3,5b82a306c99fa6afb74114ad40c19c94,2
5,f385e8caae86b6cb58ed3241c1278ce3,6becc2cf336cee342d817b90d632ae14,2
6,f385e8caae86b6cb58ed3241c1278ce3,e546fc654970cfc01f73c0d73250e97b,3
7,f385e8caae86b6cb58ed3241c1278ce3,3d6fa00462bffd51ce5cf6612ec9026a,1
8,f385e8caae86b6cb58ed3241c1278ce3,a82c2c880ccf01c25e5ffa252551a612,10
9,f385e8caae86b6cb58ed3241c1278ce3,171fe637accecc29979e5408595de077,-2
0,f385e8caae86b6cb58ed3241c1278ce3,e5e2fb66fc3e8ee0edf076e60d343031,-21
1,f385e8caae86b6cb58ed3241c1278ce3,321fe275d1d66f05c5014fd97e870834,-5
2,f385e8caae86b6cb58ed3241c1278ce3,78b2c63af827b482d7e3ffa096f4fbd2,0
3,f385e8caae86b6cb58ed3241c1278ce3,b1ae0bb44250b8cd2e080de545a6cd1b,5
4,f385e8caae86b6cb58ed3241c1278ce3,17c5b4a9be5e0fa567d3d38ca65e4005,-12
5,f385e8caae86b6cb58ed3241c1278ce3,f74cedcf99a3aabc222398db7499bac1,-7
6,f385e8caae86b6cb58ed3241c1278ce3,b67e5a2e593be71fe871d7d511f0ab55,-19
7,f385e8caae86b6cb58ed3241c1278ce3,110efe8a264188c41b74dca2c1211247,10
8,f385e8caae86b6cb58ed3241c1278ce3,0beb157ecf02b2c67048597bb3c514b5,0
9,f385e8caae86b6cb58ed3241c1278ce3,6de0ac647d194bdcfc0854c7ad51c44e,7
10,f385e8caae86b6cb58ed3241c1278ce3,d7f2b465bbe159ecb83cb95d120df260,5
11,f385e8caae86b6cb58ed3241c1278ce3,d4777cb3468137b35f7e80b7434bec27,2
0,fdeb2950c4d5209d449ebd2d6afac11e,7afc3cf0c2557f13e927da9ab03725dc,8
1,fdeb2950c4d5209d449ebd2d6afac11e,4f4e47023263931e1445dc97f7dae941,-4
2,fdeb2950c4d5209d449ebd2d6afac11e,be9b1397bcb9fb9104edd23670988cda,0
3,fdeb2950c4d5209d449ebd2d6afac11e,f4e77e1d9313c8f7274d0ca3ef38ed3d,5
4,fdeb2950c4d5209d449ebd2d6afac11e,f79a2b5e6190ac3c534645e806f1b611,-8
5,fdeb2950c4d5209d449ebd2d6afac11e,315f46f7a5e1de7ef9b4c2430ce64e2d,-14
6,fdeb2950c4d5209d449ebd2d6afac11e,021dabc5d7a1404ec8ad34fe8ca4b5e3,-17
7,fdeb2950c4d5209d449ebd2d6afac11e,ac0e388f8e54b5a360b572302b933639,0
8,fdeb2950c4d5209d449ebd2d6afac11e,c4072556336827a70c8a0298bc658b5b,-21
9,fdeb2950c4d5209d449ebd2d6afac11e,5779f715384a05dc9cea4ddf21ab564c,5
10,fdeb2950c4d5209d449ebd2d6afac11e,d38e656ac7e867b6f28064fcf8d8fcaf,-11
11,fdeb2950c4d5209d449ebd2d6afac11e,45e7a758a91a254ff04756562e740f2d,-13
0,fdeb2950c4d5209d449ebd2d6afac11e,068cc724c0bdf4a9fc56d2eb2d88fb0f,-8
1,fdeb2950c4d5209d449ebd2d6afac11e,0a4bdcb73ac21ffeb164386d44212f45,12
2,fdeb2950c4d5209d449ebd2d6afac11e,c6e0c30c8c02b0706682ec89eb6fc565,18
3,fdeb2950c4d5209d449ebd2d6afac11e,3db8556c1f1efeb42aa762e45e2b25d4,-3
4,fdeb2950c4d5209d449ebd2d6afac11e,ad0cbdf3bde800a9ff964cd041d26e28,-5
5,fdeb2950c4d5209d449ebd2d6afac11e,07695ef9feebc6ba02831f0f3c22662a,21
6,fdeb2950c4d5209d449ebd2d6afac11e,7d2101502c53723c2aaf2a8e5f150d97,2
7,fdeb2950c4d5209d449ebd2d6afac11e,2dccc7085f3e5aa5a404fa6ef1bdd672,-5
8,fdeb2950c4d5209d449ebd2d6afac11e,c17f6e6b83ccc768962046f1af1372a5,14
9,fdeb2950c4d5209d449ebd2d6afac11e,008c7fb331f92d216799d21a9104231a,17
10,fdeb2950c4d5209d449ebd2d6afac11e,479986fc12b02040302f3d2b2a903e53,12
11,fdeb2950c4d5209d449ebd2d6afac11e,377f464a91323a8e2c5486ce2cb4c153,-5
